event_id,case_id,activity,timestamp,duration_minutes,user_id,team,application_used,screen_name,event_type,status
E-000000001,C-0000001,Claim Received,2025-11-24 01:19:50.712942300,4.36,U-0075,Intake Operations,ClaimsCore,claim_received,Case Created,Completed
E-000000002,C-0000001,Eligibility Check,2025-11-24 02:14:46.361476067,11.0,U-0051,Eligibility Operations,Member360,eligibility_check,Task Completed,Completed
E-000000003,C-0000001,Document Intake,2025-11-24 03:31:53.546304820,4.86,U-0005,Intake Operations,DocuScan,document_intake,Task Completed,Completed
E-000000004,C-0000001,Document Review,2025-11-24 06:52:48.530699374,54.96,U-0014,Claims Adjudication,DocuScan,document_review,Task Completed,Completed
E-000000005,C-0000001,Approval,2025-11-24 12:38:40.637152078,23.72,U-0030,Claims Adjudication,ClaimsCore,approval,Task Completed,Pending
E-000000006,C-0000002,Claim Received,2025-10-01 00:41:44.070356101,2.79,U-0028,Intake Operations,ClaimsCore,claim_received,Case Created,Completed
E-000000007,C-0000002,Eligibility Check,2025-10-01 01:35:31.622031569,11.47,U-0016,Eligibility Operations,Member360,eligibility_check,Task Completed,Completed
E-000000008,C-0000002,Document Intake,2025-10-01 02:59:19.839495139,11.04,U-0086,Intake Operations,DocuScan,document_intake,Task Completed,Completed
E-000000009,C-0000002,Document Review,2025-10-01 03:53:42.790258045,36.11,U-0014,Claims Adjudication,DocuScan,document_review,Task Completed,Completed
E-000000010,C-0000002,Medical Necessity Review,2025-10-01 14:30:30.338744309,53.51,U-0077,Clinical Review,PolicyRules,medical_necessity_review,Task Completed,Completed
E-000000011,C-0000002,Nurse Review,2025-10-02 01:26:07.286687505,70.46,U-0015,Clinical Review,PolicyRules,nurse_review,Task Completed,Completed
E-000000012,C-0000002,Medical Director Review,2025-10-03 15:26:29.721697783,174.0,U-0088,Medical Directors,PolicyRules,medical_director_review,Task Completed,Completed
E-000000013,C-0000002,Approval,2025-10-03 19:55:20.685507767,5.9,U-0087,Claims Adjudication,ClaimsCore,approval,Task Completed,Completed
E-000000014,C-0000002,Payment Processing,2025-10-04 07:58:19.638503460,22.85,U-0023,Payment Operations,PaymentHub,payment_processing,Task Completed,Completed
E-000000015,C-0000002,Case Closed,2025-10-04 08:35:33.208085121,6.25,U-0056,Claims Adjudication,ClaimsCore,case_closed,Case Completed,Closed
E-000000016,C-0000003,Claim Received,2025-07-19 06:36:26.977758053,2.75,U-0099,Intake Operations,ClaimsCore,claim_received,Case Created,Completed
E-000000017,C-0000003,Eligibility Check,2025-07-19 06:56:53.470166239,7.01,U-0089,Eligibility Operations,Member360,eligibility_check,Task Completed,Completed
E-000000018,C-0000003,Document Intake,2025-07-19 07:27:57.678790616,7.66,U-0075,Intake Operations,DocuScan,document_intake,Task Completed,Completed
E-000000019,C-0000003,Document Review,2025-07-19 09:39:50.335952360,76.42,U-0043,Claims Adjudication,DocuScan,document_review,Task Completed,Completed
E-000000020,C-0000003,Medical Necessity Review,2025-07-19 16:29:39.511548012,82.51,U-0034,Clinical Review,PolicyRules,medical_necessity_review,Task Completed,Completed
E-000000021,C-0000003,Nurse Review,2025-07-20 00:57:48.510672329,46.81,U-0022,Clinical Review,PolicyRules,nurse_review,Task Completed,Completed
E-000000022,C-0000003,Approval,2025-07-20 01:57:50.274448447,13.21,U-0008,Claims Adjudication,ClaimsCore,approval,Task Completed,Completed
E-000000023,C-0000003,Payment Processing,2025-07-20 03:57:26.821651788,14.92,U-0100,Payment Operations,PaymentHub,payment_processing,Task Completed,Completed
E-000000024,C-0000003,Case Closed,2025-07-20 04:14:01.955778718,4.77,U-0087,Claims Adjudication,ClaimsCore,case_closed,Case Completed,Closed
E-000000025,C-0000004,Claim Received,2025-07-01 14:18:11.731729422,4.34,U-0099,Intake Operations,ClaimsCore,claim_received,Case Created,Completed
E-000000026,C-0000004,Eligibility Check,2025-07-01 14:27:37.796620044,8.63,U-0051,Eligibility Operations,Member360,eligibility_check,Task Completed,Completed
E-000000027,C-0000004,Document Intake,2025-07-01 14:58:38.423749845,7.45,U-0018,Intake Operations,DocuScan,document_intake,Task Completed,Completed
E-000000028,C-0000004,Document Review,2025-07-01 18:47:37.295061462,59.08,U-0001,Claims Adjudication,DocuScan,document_review,Task Completed,Completed
E-000000029,C-0000004,Approval,2025-07-01 23:00:38.534120875,13.18,U-0092,Claims Adjudication,ClaimsCore,approval,Task Completed,Completed
E-000000030,C-0000004,Payment Processing,2025-07-02 08:02:44.865827447,22.24,U-0012,Payment Operations,PaymentHub,payment_processing,Task Completed,Completed
E-000000031,C-0000004,Case Closed,2025-07-02 08:49:30.321657417,6.53,U-0042,Claims Adjudication,ClaimsCore,case_closed,Case Completed,Closed
E-000000032,C-0000005,Claim Received,2025-08-07 09:45:23.291845207,3.36,U-0099,Intake Operations,ClaimsCore,claim_received,Case Created,Completed
E-000000033,C-0000005,Eligibility Check,2025-08-07 10:14:03.386040966,8.79,U-0016,Eligibility Operations,Member360,eligibility_check,Task Completed,Completed
E-000000034,C-0000005,Document Intake,2025-08-07 10:56:29.407111788,9.83,U-0098,Intake Operations,DocuScan,document_intake,Task Completed,Completed
E-000000035,C-0000005,Document Review,2025-08-07 13:19:24.003427655,40.73,U-0073,Claims Adjudication,DocuScan,document_review,Task Completed,Completed
E-000000036,C-0000005,Medical Necessity Review,2025-08-07 18:52:02.482837165,75.98,U-0033,Clinical Review,PolicyRules,medical_necessity_review,Task Completed,Completed
E-000000037,C-0000005,Nurse Review,2025-08-07 22:41:35.692642619,50.38,U-0093,Clinical Review,PolicyRules,nurse_review,Task Completed,Completed
E-000000038,C-0000005,Approval,2025-08-08 01:54:59.462268922,12.7,U-0030,Claims Adjudication,ClaimsCore,approval,Task Completed,Completed
E-000000039,C-0000005,Payment Processing,2025-08-08 05:20:03.940859990,14.85,U-0032,Payment Operations,PaymentHub,payment_processing,Task Completed,Completed
E-000000040,C-0000005,Case Closed,2025-08-08 05:36:13.127136154,2.15,U-0055,Claims Adjudication,ClaimsCore,case_closed,Case Completed,Closed
E-000000041,C-0000006,Claim Received,2025-09-17 21:08:05.875932356,5.31,U-0018,Intake Operations,ClaimsCore,claim_received,Case Created,Completed
E-000000042,C-0000006,Eligibility Check,2025-09-17 21:45:05.501735618,13.14,U-0091,Eligibility Operations,Member360,eligibility_check,Task Completed,Completed
E-000000043,C-0000006,Document Intake,2025-09-17 22:09:43.502585076,3.26,U-0099,Intake Operations,DocuScan,document_intake,Task Completed,Completed
E-000000044,C-0000006,Document Review,2025-09-18 01:36:46.350247618,38.05,U-0001,Claims Adjudication,DocuScan,document_review,Task Completed,Completed
E-000000045,C-0000006,Approval,2025-09-18 09:04:08.652019663,9.75,U-0049,Claims Adjudication,ClaimsCore,approval,Task Completed,Completed
E-000000046,C-0000006,Payment Processing,2025-09-18 12:44:58.324092051,13.14,U-0023,Payment Operations,PaymentHub,payment_processing,Task Completed,Completed
E-000000047,C-0000006,Case Closed,2025-09-18 13:06:23.812768971,4.97,U-0045,Claims Adjudication,ClaimsCore,case_closed,Case Completed,Closed
E-000000048,C-0000007,Claim Received,2025-11-14 01:56:49.302581834,4.68,U-0075,Intake Operations,ClaimsCore,claim_received,Case Created,Completed
E-000000049,C-0000007,Eligibility Check,2025-11-14 02:43:26.315346689,11.58,U-0089,Eligibility Operations,Member360,eligibility_check,Task Completed,Completed
E-000000050,C-0000007,Document Intake,2025-11-14 04:30:49.551517582,14.82,U-0069,Intake Operations,DocuScan,document_intake,Task Completed,Completed
E-000000051,C-0000007,Document Review,2025-11-14 18:44:31.974742882,91.08,U-0003,Claims Adjudication,DocuScan,document_review,Task Completed,Completed
E-000000052,C-0000007,Medical Necessity Review,2025-11-15 19:12:36.731451690,55.47,U-0047,Clinical Review,PolicyRules,medical_necessity_review,Task Completed,Completed
E-000000053,C-0000007,Nurse Review,2025-11-16 05:15:17.876406798,46.29,U-0022,Clinical Review,PolicyRules,nurse_review,Task Completed,Completed
E-000000054,C-0000007,Medical Director Review,2025-11-16 16:40:12.076107413,100.25,U-0035,Medical Directors,PolicyRules,medical_director_review,Task Completed,Completed
E-000000055,C-0000007,Approval,2025-11-16 20:00:14.885207066,32.18,U-0003,Claims Adjudication,ClaimsCore,approval,Task Completed,Completed
E-000000056,C-0000007,Payment Processing,2025-11-17 00:16:49.141536622,12.75,U-0032,Payment Operations,PaymentHub,payment_processing,Task Completed,Completed
E-000000057,C-0000007,Case Closed,2025-11-17 00:32:03.670213208,3.08,U-0004,Claims Adjudication,ClaimsCore,case_closed,Case Completed,Closed
E-000000058,C-0000008,Claim Received,2025-09-22 09:55:34.834938074,4.85,U-0099,Intake Operations,ClaimsCore,claim_received,Case Created,Completed
E-000000059,C-0000008,Eligibility Check,2025-09-22 10:06:15.508019475,8.18,U-0084,Eligibility Operations,Member360,eligibility_check,Task Completed,Completed
E-000000060,C-0000008,Document Intake,2025-09-22 10:54:26.855889388,8.56,U-0069,Intake Operations,DocuScan,document_intake,Task Completed,Completed
E-000000061,C-0000008,Document Review,2025-09-22 15:10:29.918032953,54.25,U-0007,Claims Adjudication,DocuScan,document_review,Task Completed,Completed
E-000000062,C-0000008,Provider Clarification,2025-09-22 18:52:31.382006705,58.23,U-0066,Provider Services,ProviderPortal,provider_clarification,Task Completed,Completed
E-000000063,C-0000008,Document Review,2025-09-22 22:34:03.072855066,64.97,U-0042,Claims Adjudication,DocuScan,document_review,Task Completed,Completed
E-000000064,C-0000008,Medical Necessity Review,2025-09-23 04:25:18.810805239,39.69,U-0033,Clinical Review,PolicyRules,medical_necessity_review,Task Completed,Completed
E-000000065,C-0000008,Nurse Review,2025-09-23 07:10:58.820559939,99.09,U-0047,Clinical Review,PolicyRules,nurse_review,Task Completed,Completed
E-000000066,C-0000008,Approval,2025-09-23 09:20:01.461683015,10.26,U-0004,Claims Adjudication,ClaimsCore,approval,Task Completed,Completed
E-000000067,C-0000008,Payment Processing,2025-09-23 11:25:26.702447783,29.75,U-0023,Payment Operations,PaymentHub,payment_processing,Task Completed,Completed
E-000000068,C-0000008,Case Closed,2025-09-23 12:19:10.797718127,5.4,U-0064,Claims Adjudication,ClaimsCore,case_closed,Case Completed,Closed
E-000000069,C-0000009,Claim Received,2025-07-05 05:40:55.940837738,3.19,U-0099,Intake Operations,ClaimsCore,claim_received,Case Created,Completed
E-000000070,C-0000009,Eligibility Check,2025-07-05 05:54:46.215553944,10.17,U-0089,Eligibility Operations,Member360,eligibility_check,Task Completed,Completed
E-000000071,C-0000009,Document Intake,2025-07-05 07:20:00.167773636,7.62,U-0075,Intake Operations,DocuScan,document_intake,Task Completed,Completed
E-000000072,C-0000009,Document Review,2025-07-05 12:17:35.105735940,20.32,U-0053,Claims Adjudication,DocuScan,document_review,Task Completed,Completed
E-000000073,C-0000009,Provider Clarification,2025-07-05 20:06:29.687259066,21.65,U-0067,Provider Services,ProviderPortal,provider_clarification,Task Completed,Completed
E-000000074,C-0000009,Document Review,2025-07-05 23:31:41.782366648,59.75,U-0043,Claims Adjudication,DocuScan,document_review,Task Completed,Completed
E-000000075,C-0000009,Medical Necessity Review,2025-07-06 07:32:41.102364864,35.12,U-0082,Clinical Review,PolicyRules,medical_necessity_review,Task Completed,Completed
E-000000076,C-0000009,Nurse Review,2025-07-06 10:37:57.785915210,30.6,U-0095,Clinical Review,PolicyRules,nurse_review,Task Completed,Completed
E-000000077,C-0000009,Medical Director Review,2025-07-07 11:17:46.777562702,144.57,U-0062,Medical Directors,PolicyRules,medical_director_review,Task Completed,Completed
E-000000078,C-0000009,Approval,2025-07-07 14:03:19.296152275,5.27,U-0087,Claims Adjudication,ClaimsCore,approval,Task Completed,Completed
E-000000079,C-0000009,Payment Processing,2025-07-07 15:04:54.013552063,13.46,U-0023,Payment Operations,PaymentHub,payment_processing,Task Completed,Completed
E-000000080,C-0000009,Case Closed,2025-07-07 15:37:10.982958603,4.02,U-0061,Claims Adjudication,ClaimsCore,case_closed,Case Completed,Closed
E-000000081,C-0000010,Claim Received,2025-08-08 11:53:50.633576324,2.03,U-0069,Intake Operations,ClaimsCore,claim_received,Case Created,Completed
E-000000082,C-0000010,Eligibility Check,2025-08-08 12:00:08.417143095,11.27,U-0051,Eligibility Operations,Member360,eligibility_check,Task Completed,Completed
E-000000083,C-0000010,Document Intake,2025-08-08 12:26:02.112019327,4.06,U-0028,Intake Operations,DocuScan,document_intake,Task Completed,Completed
E-000000084,C-0000010,Document Review,2025-08-08 17:19:11.455610301,48.4,U-0021,Claims Adjudication,DocuScan,document_review,Task Completed,Completed
E-000000085,C-0000010,Medical Necessity Review,2025-08-10 09:57:06.715799186,101.28,U-0010,Clinical Review,PolicyRules,medical_necessity_review,Task Completed,Completed
E-000000086,C-0000010,Approval,2025-08-10 13:18:40.999769373,9.98,U-0019,Claims Adjudication,ClaimsCore,approval,Task Completed,Completed
E-000000087,C-0000010,Payment Processing,2025-08-11 06:56:25.033908150,10.38,U-0024,Payment Operations,PaymentHub,payment_processing,Task Completed,Completed
E-000000088,C-0000010,Case Closed,2025-08-11 07:42:02.163608481,3.94,U-0040,Claims Adjudication,ClaimsCore,case_closed,Case Completed,Closed
E-000000089,C-0000011,Claim Received,2025-12-27 04:47:01.455123493,3.15,U-0018,Intake Operations,ClaimsCore,claim_received,Case Created,Completed
E-000000090,C-0000011,Eligibility Check,2025-12-27 04:52:40.327284112,14.28,U-0074,Eligibility Operations,Member360,eligibility_check,Task Completed,Completed
E-000000091,C-0000011,Document Intake,2025-12-27 05:16:59.303408002,9.56,U-0028,Intake Operations,DocuScan,document_intake,Task Completed,Completed
E-000000092,C-0000011,Document Review,2025-12-27 10:35:25.435996048,70.12,U-0007,Claims Adjudication,DocuScan,document_review,Task Completed,Completed
E-000000093,C-0000011,Medical Necessity Review,2025-12-27 12:42:31.395128865,92.0,U-0097,Clinical Review,PolicyRules,medical_necessity_review,Task Completed,Completed
E-000000094,C-0000011,Nurse Review,2025-12-27 20:56:22.073056454,63.95,U-0097,Clinical Review,PolicyRules,nurse_review,Task Completed,Completed
E-000000095,C-0000011,Medical Director Review,2025-12-29 05:21:39.969427984,302.53,U-0090,Medical Directors,PolicyRules,medical_director_review,Task Completed,Completed
E-000000096,C-0000011,Approval,2025-12-29 11:09:49.016078182,11.98,U-0014,Claims Adjudication,ClaimsCore,approval,Task Completed,Completed
E-000000097,C-0000011,Payment Processing,2025-12-29 12:21:58.788152052,24.69,U-0023,Payment Operations,PaymentHub,payment_processing,Task Completed,Completed
E-000000098,C-0000011,Case Closed,2025-12-29 12:53:45.832755253,3.67,U-0004,Claims Adjudication,ClaimsCore,case_closed,Case Completed,Closed
E-000000099,C-0000012,Claim Received,2025-12-28 19:26:22.931581320,3.25,U-0099,Intake Operations,ClaimsCore,claim_received,Case Created,Completed
E-000000100,C-0000012,Eligibility Check,2025-12-28 20:13:34.637432386,8.08,U-0029,Eligibility Operations,Member360,eligibility_check,Task Completed,Completed
E-000000101,C-0000012,Document Intake,2025-12-28 21:29:17.139121803,8.25,U-0069,Intake Operations,DocuScan,document_intake,Task Completed,Completed
E-000000102,C-0000012,Document Review,2025-12-29 07:30:48.964461930,101.92,U-0045,Claims Adjudication,DocuScan,document_review,Task Completed,Completed
E-000000103,C-0000012,Medical Necessity Review,2025-12-30 01:44:50.019102388,115.15,U-0022,Clinical Review,PolicyRules,medical_necessity_review,Task Completed,Completed
E-000000104,C-0000012,Nurse Review,2025-12-30 09:06:18.912437041,51.27,U-0070,Clinical Review,PolicyRules,nurse_review,Task Completed,Completed
E-000000105,C-0000012,Medical Director Review,2025-12-30 18:09:24.318122061,154.5,U-0035,Medical Directors,PolicyRules,medical_director_review,Task Completed,Completed
E-000000106,C-0000012,Approval,2025-12-30 22:52:06.495769454,19.19,U-0061,Claims Adjudication,ClaimsCore,approval,Task Completed,Completed
E-000000107,C-0000012,Payment Processing,2025-12-31 01:05:52.917335019,10.79,U-0100,Payment Operations,PaymentHub,payment_processing,Task Completed,Completed
E-000000108,C-0000012,Case Closed,2025-12-31 01:34:51.480315265,5.69,U-0025,Claims Adjudication,ClaimsCore,case_closed,Case Completed,Closed
E-000000109,C-0000013,Claim Received,2025-09-08 00:39:42.929846150,4.11,U-0060,Intake Operations,ClaimsCore,claim_received,Case Created,Completed
E-000000110,C-0000013,Eligibility Check,2025-09-08 00:59:17.693989783,8.97,U-0084,Eligibility Operations,Member360,eligibility_check,Task Completed,Completed
E-000000111,C-0000013,Document Intake,2025-09-08 01:40:58.886321260,7.96,U-0098,Intake Operations,DocuScan,document_intake,Task Completed,Completed
E-000000112,C-0000013,Document Review,2025-09-08 18:35:08.216432087,41.82,U-0030,Claims Adjudication,DocuScan,document_review,Task Completed,Completed
E-000000113,C-0000013,Medical Necessity Review,2025-09-09 11:59:27.813959968,90.35,U-0041,Clinical Review,PolicyRules,medical_necessity_review,Task Completed,Completed
E-000000114,C-0000013,Nurse Review,2025-09-09 22:56:09.854836945,40.25,U-0044,Clinical Review,PolicyRules,nurse_review,Task Completed,Completed
E-000000115,C-0000013,Medical Director Review,2025-09-10 04:27:24.129666336,72.02,U-0062,Medical Directors,PolicyRules,medical_director_review,Task Completed,Completed
E-000000116,C-0000013,Denial,2025-09-10 07:49:20.451979639,9.56,U-0040,Claims Adjudication,ClaimsCore,denial,Task Completed,Completed
E-000000117,C-0000013,Case Closed,2025-09-10 08:15:45.128225972,2.2,U-0054,Claims Adjudication,ClaimsCore,case_closed,Case Completed,Closed
E-000000118,C-0000014,Claim Received,2025-11-25 07:34:16.364237594,3.84,U-0098,Intake Operations,ClaimsCore,claim_received,Case Created,Completed
E-000000119,C-0000014,Eligibility Check,2025-11-25 07:44:46.700274794,14.07,U-0026,Eligibility Operations,Member360,eligibility_check,Task Completed,Completed
E-000000120,C-0000014,Document Intake,2025-11-25 08:26:34.580630917,8.86,U-0085,Intake Operations,DocuScan,document_intake,Task Completed,Completed
E-000000121,C-0000014,Document Review,2025-11-25 11:33:31.283579976,29.07,U-0049,Claims Adjudication,DocuScan,document_review,Task Completed,Completed
E-000000122,C-0000014,Approval,2025-11-25 12:29:05.450971369,15.28,U-0019,Claims Adjudication,ClaimsCore,approval,Task Completed,Completed
E-000000123,C-0000014,Payment Processing,2025-11-25 15:21:30.098077006,12.39,U-0023,Payment Operations,PaymentHub,payment_processing,Task Completed,Completed
E-000000124,C-0000014,Case Closed,2025-11-25 15:51:13.202094199,5.9,U-0061,Claims Adjudication,ClaimsCore,case_closed,Case Completed,Closed
E-000000125,C-0000015,Claim Received,2025-11-09 15:16:48.701814123,1.94,U-0052,Intake Operations,ClaimsCore,claim_received,Case Created,Completed
E-000000126,C-0000015,Eligibility Check,2025-11-09 15:37:10.272099105,16.6,U-0059,Eligibility Operations,Member360,eligibility_check,Task Completed,Completed
E-000000127,C-0000015,Document Intake,2025-11-09 16:28:25.054339648,2.91,U-0099,Intake Operations,DocuScan,document_intake,Task Completed,Completed
E-000000128,C-0000015,Document Review,2025-11-10 00:12:54.388438100,37.17,U-0061,Claims Adjudication,DocuScan,document_review,Task Completed,Completed
E-000000129,C-0000015,Medical Necessity Review,2025-11-10 12:56:02.432647692,35.05,U-0002,Clinical Review,PolicyRules,medical_necessity_review,Task Completed,Completed
E-000000130,C-0000015,Nurse Review,2025-11-11 01:54:18.199640892,62.63,U-0097,Clinical Review,PolicyRules,nurse_review,Task Completed,Completed
E-000000131,C-0000015,Medical Director Review,2025-11-12 10:46:34.572956371,85.37,U-0027,Medical Directors,PolicyRules,medical_director_review,Task Completed,Completed
E-000000132,C-0000015,Denial,2025-11-12 17:21:46.685978889,13.15,U-0008,Claims Adjudication,ClaimsCore,denial,Task Completed,Completed
E-000000133,C-0000015,Case Closed,2025-11-12 17:51:31.940447952,5.69,U-0030,Claims Adjudication,ClaimsCore,case_closed,Case Completed,Closed
E-000000134,C-0000016,Claim Received,2025-12-18 10:10:13.856383907,2.95,U-0005,Intake Operations,ClaimsCore,claim_received,Case Created,Completed
E-000000135,C-0000016,Eligibility Check,2025-12-18 10:26:27.857063290,7.94,U-0029,Eligibility Operations,Member360,eligibility_check,Task Completed,Completed
E-000000136,C-0000016,Document Intake,2025-12-18 11:06:42.127049758,7.83,U-0086,Intake Operations,DocuScan,document_intake,Task Completed,Completed
E-000000137,C-0000016,Document Review,2025-12-18 12:27:26.382901646,32.03,U-0087,Claims Adjudication,DocuScan,document_review,Task Completed,Completed
E-000000138,C-0000016,Approval,2025-12-18 14:28:21.953107010,8.69,U-0025,Claims Adjudication,ClaimsCore,approval,Task Completed,Pending
E-000000139,C-0000017,Claim Received,2025-12-10 10:15:25.449485380,2.28,U-0052,Intake Operations,ClaimsCore,claim_received,Case Created,Completed
E-000000140,C-0000017,Eligibility Check,2025-12-10 11:07:09.248607501,11.5,U-0091,Eligibility Operations,Member360,eligibility_check,Task Completed,Completed
E-000000141,C-0000017,Document Intake,2025-12-10 11:38:03.431938729,10.21,U-0052,Intake Operations,DocuScan,document_intake,Task Completed,Completed
E-000000142,C-0000017,Document Review,2025-12-10 17:57:52.064482402,17.92,U-0064,Claims Adjudication,DocuScan,document_review,Task Completed,Completed
E-000000143,C-0000017,Approval,2025-12-10 18:30:47.343464195,11.37,U-0046,Claims Adjudication,ClaimsCore,approval,Task Completed,Completed
E-000000144,C-0000017,Payment Processing,2025-12-10 23:26:40.080516466,11.64,U-0024,Payment Operations,PaymentHub,payment_processing,Task Completed,Completed
E-000000145,C-0000017,Case Closed,2025-12-10 23:57:29.951984092,5.87,U-0092,Claims Adjudication,ClaimsCore,case_closed,Case Completed,Closed
E-000000146,C-0000018,Claim Received,2025-10-24 01:30:28.295672184,4.46,U-0069,Intake Operations,ClaimsCore,claim_received,Case Created,Completed
E-000000147,C-0000018,Eligibility Check,2025-10-24 02:13:31.251781196,8.71,U-0016,Eligibility Operations,Member360,eligibility_check,Task Completed,Completed
E-000000148,C-0000018,Document Intake,2025-10-24 02:51:07.824290552,8.53,U-0028,Intake Operations,DocuScan,document_intake,Task Completed,Completed
E-000000149,C-0000018,Document Review,2025-10-24 03:35:28.162967109,132.2,U-0021,Claims Adjudication,DocuScan,document_review,Task Completed,Completed
E-000000150,C-0000018,Approval,2025-10-24 07:23:18.908661555,16.84,U-0003,Claims Adjudication,ClaimsCore,approval,Task Completed,Completed
E-000000151,C-0000018,Payment Processing,2025-10-24 13:38:24.845710845,24.01,U-0012,Payment Operations,PaymentHub,payment_processing,Task Completed,Completed
E-000000152,C-0000018,Case Closed,2025-10-24 14:33:19.712116490,9.52,U-0080,Claims Adjudication,ClaimsCore,case_closed,Case Completed,Closed
E-000000153,C-0000019,Claim Received,2025-09-11 05:15:10.132890040,5.33,U-0099,Intake Operations,ClaimsCore,claim_received,Case Created,Completed
E-000000154,C-0000019,Eligibility Check,2025-09-11 05:21:11.270889259,12.2,U-0074,Eligibility Operations,Member360,eligibility_check,Task Completed,Completed
E-000000155,C-0000019,Document Intake,2025-09-11 06:06:50.204326789,4.7,U-0069,Intake Operations,DocuScan,document_intake,Task Completed,Completed
E-000000156,C-0000019,Document Review,2025-09-11 07:36:15.760826150,40.81,U-0053,Claims Adjudication,DocuScan,document_review,Task Completed,Completed
E-000000157,C-0000019,Medical Necessity Review,2025-09-11 16:55:27.791857160,127.95,U-0033,Clinical Review,PolicyRules,medical_necessity_review,Task Completed,Completed
E-000000158,C-0000019,Nurse Review,2025-09-12 01:15:33.456064229,30.69,U-0057,Clinical Review,PolicyRules,nurse_review,Task Completed,Completed
E-000000159,C-0000019,Medical Director Review,2025-09-12 16:59:57.783924255,207.86,U-0038,Medical Directors,PolicyRules,medical_director_review,Task Completed,Completed
E-000000160,C-0000019,Denial,2025-09-12 21:11:18.213970080,18.0,U-0031,Claims Adjudication,ClaimsCore,denial,Task Completed,Completed
E-000000161,C-0000019,Case Closed,2025-09-12 21:46:28.497505023,5.2,U-0054,Claims Adjudication,ClaimsCore,case_closed,Case Completed,Closed
E-000000162,C-0000020,Claim Received,2025-10-23 16:18:30.658103709,4.23,U-0052,Intake Operations,ClaimsCore,claim_received,Case Created,Completed
E-000000163,C-0000020,Eligibility Check,2025-10-23 16:30:47.318081998,5.7,U-0059,Eligibility Operations,Member360,eligibility_check,Task Completed,Completed
E-000000164,C-0000020,Document Intake,2025-10-23 17:38:29.284468634,6.49,U-0069,Intake Operations,DocuScan,document_intake,Task Completed,Completed
E-000000165,C-0000020,Document Review,2025-10-23 20:34:05.944967608,48.0,U-0081,Claims Adjudication,DocuScan,document_review,Task Completed,Completed
E-000000166,C-0000020,Approval,2025-10-23 21:37:38.015787431,7.44,U-0003,Claims Adjudication,ClaimsCore,approval,Task Completed,Completed
E-000000167,C-0000020,Payment Processing,2025-10-23 22:46:35.548497119,16.44,U-0023,Payment Operations,PaymentHub,payment_processing,Task Completed,Completed
E-000000168,C-0000020,Case Closed,2025-10-23 23:05:20.924135033,12.82,U-0073,Claims Adjudication,ClaimsCore,case_closed,Case Completed,Closed
E-000000169,C-0000021,Claim Received,2025-08-28 09:42:14.223638381,3.1,U-0005,Intake Operations,ClaimsCore,claim_received,Case Created,Completed
E-000000170,C-0000021,Eligibility Check,2025-08-28 09:46:50.707614477,8.08,U-0089,Eligibility Operations,Member360,eligibility_check,Task Completed,Completed
E-000000171,C-0000021,Document Intake,2025-08-28 10:13:56.749181553,7.93,U-0085,Intake Operations,DocuScan,document_intake,Task Completed,Completed
E-000000172,C-0000021,Document Review,2025-08-28 17:04:30.517040633,35.73,U-0083,Claims Adjudication,DocuScan,document_review,Task Completed,Completed
E-000000173,C-0000021,Approval,2025-08-28 18:00:28.914665334,20.13,U-0003,Claims Adjudication,ClaimsCore,approval,Task Completed,Completed
E-000000174,C-0000021,Payment Processing,2025-08-28 23:34:12.152221462,23.57,U-0100,Payment Operations,PaymentHub,payment_processing,Task Completed,Completed
E-000000175,C-0000021,Case Closed,2025-08-29 00:20:50.352603634,4.25,U-0042,Claims Adjudication,ClaimsCore,case_closed,Case Completed,Closed
E-000000176,C-0000022,Claim Received,2025-09-02 16:50:02.799982794,3.42,U-0085,Intake Operations,ClaimsCore,claim_received,Case Created,Completed
E-000000177,C-0000022,Eligibility Check,2025-09-02 17:52:26.994320460,8.7,U-0071,Eligibility Operations,Member360,eligibility_check,Task Completed,Completed
E-000000178,C-0000022,Document Intake,2025-09-02 18:19:12.449583057,10.69,U-0052,Intake Operations,DocuScan,document_intake,Task Completed,Completed
E-000000179,C-0000022,Document Review,2025-09-02 20:29:45.284125517,49.21,U-0043,Claims Adjudication,DocuScan,document_review,Task Completed,Completed
E-000000180,C-0000022,Approval,2025-09-02 21:53:56.056901816,10.69,U-0056,Claims Adjudication,ClaimsCore,approval,Task Completed,Completed
E-000000181,C-0000022,Payment Processing,2025-09-03 03:46:41.747529227,23.32,U-0023,Payment Operations,PaymentHub,payment_processing,Task Completed,Completed
E-000000182,C-0000022,Case Closed,2025-09-03 04:26:51.274590493,3.51,U-0054,Claims Adjudication,ClaimsCore,case_closed,Case Completed,Closed
E-000000183,C-0000023,Claim Received,2025-10-20 09:36:53.644561216,5.07,U-0086,Intake Operations,ClaimsCore,claim_received,Case Created,Completed
E-000000184,C-0000023,Eligibility Check,2025-10-20 10:00:32.868539828,8.96,U-0029,Eligibility Operations,Member360,eligibility_check,Task Completed,Completed
E-000000185,C-0000023,Document Intake,2025-10-20 12:43:11.749202035,5.06,U-0085,Intake Operations,DocuScan,document_intake,Task Completed,Completed
E-000000186,C-0000023,Document Review,2025-10-20 17:34:59.184558464,26.18,U-0083,Claims Adjudication,DocuScan,document_review,Task Completed,Completed
E-000000187,C-0000023,Provider Clarification,2025-10-21 15:05:45.847123306,62.47,U-0066,Provider Services,ProviderPortal,provider_clarification,Task Completed,Completed
E-000000188,C-0000023,Document Review,2025-10-21 22:55:32.013002300,30.06,U-0045,Claims Adjudication,DocuScan,document_review,Task Completed,Completed
E-000000189,C-0000023,Approval,2025-10-21 23:40:18.837934849,20.61,U-0042,Claims Adjudication,ClaimsCore,approval,Task Completed,Completed
E-000000190,C-0000023,Payment Processing,2025-10-22 04:35:49.825001378,8.18,U-0012,Payment Operations,PaymentHub,payment_processing,Task Completed,Completed
E-000000191,C-0000023,Case Closed,2025-10-22 04:46:27.263664389,4.64,U-0019,Claims Adjudication,ClaimsCore,case_closed,Case Completed,Closed
E-000000192,C-0000024,Claim Received,2025-10-13 13:36:41.679580296,3.15,U-0018,Intake Operations,ClaimsCore,claim_received,Case Created,Completed
E-000000193,C-0000024,Eligibility Check,2025-10-13 13:52:24.729182844,12.08,U-0050,Eligibility Operations,Member360,eligibility_check,Task Completed,Completed
E-000000194,C-0000024,Document Intake,2025-10-13 14:06:35.507596605,3.94,U-0098,Intake Operations,DocuScan,document_intake,Task Completed,Completed
E-000000195,C-0000024,Document Review,2025-10-13 16:16:45.038513244,43.56,U-0064,Claims Adjudication,DocuScan,document_review,Task Completed,Completed
E-000000196,C-0000024,Approval,2025-10-13 17:55:12.379129023,19.27,U-0092,Claims Adjudication,ClaimsCore,approval,Task Completed,Completed
E-000000197,C-0000024,Payment Processing,2025-10-13 21:58:11.043865350,6.9,U-0023,Payment Operations,PaymentHub,payment_processing,Task Completed,Completed
E-000000198,C-0000024,Case Closed,2025-10-13 22:20:47.382930814,3.72,U-0046,Claims Adjudication,ClaimsCore,case_closed,Case Completed,Closed
E-000000199,C-0000025,Claim Received,2025-10-15 07:45:28.315616876,4.59,U-0060,Intake Operations,ClaimsCore,claim_received,Case Created,Completed
E-000000200,C-0000025,Eligibility Check,2025-10-15 08:00:03.103043954,17.68,U-0039,Eligibility Operations,Member360,eligibility_check,Task Completed,Completed
E-000000201,C-0000025,Document Intake,2025-10-15 09:36:29.081766726,8.31,U-0099,Intake Operations,DocuScan,document_intake,Task Completed,Completed
E-000000202,C-0000025,Document Review,2025-10-15 13:15:58.306043130,20.14,U-0043,Claims Adjudication,DocuScan,document_review,Task Completed,Completed
E-000000203,C-0000025,Medical Necessity Review,2025-10-16 01:43:38.516004748,68.16,U-0033,Clinical Review,PolicyRules,medical_necessity_review,Task Completed,Completed
E-000000204,C-0000025,Nurse Review,2025-10-16 12:38:12.031711149,49.69,U-0072,Clinical Review,PolicyRules,nurse_review,Task Completed,Completed
E-000000205,C-0000025,Medical Director Review,2025-10-17 04:44:37.378224946,98.11,U-0027,Medical Directors,PolicyRules,medical_director_review,Task Completed,Completed
E-000000206,C-0000025,Approval,2025-10-17 08:18:40.374152087,7.95,U-0008,Claims Adjudication,ClaimsCore,approval,Task Completed,Completed
E-000000207,C-0000025,Payment Processing,2025-10-17 16:41:29.763133011,26.27,U-0006,Payment Operations,PaymentHub,payment_processing,Task Completed,Completed
E-000000208,C-0000025,Case Closed,2025-10-17 17:37:13.188262218,4.8,U-0001,Claims Adjudication,ClaimsCore,case_closed,Case Completed,Closed
E-000000209,C-0000026,Claim Received,2025-09-13 21:01:59.465651878,1.84,U-0086,Intake Operations,ClaimsCore,claim_received,Case Created,Completed
E-000000210,C-0000026,Eligibility Check,2025-09-13 21:47:04.514519208,5.43,U-0037,Eligibility Operations,Member360,eligibility_check,Task Completed,Completed
E-000000211,C-0000026,Document Intake,2025-09-13 22:40:08.244429661,6.96,U-0069,Intake Operations,DocuScan,document_intake,Task Completed,Completed
E-000000212,C-0000026,Document Review,2025-09-14 03:04:31.253798832,29.16,U-0055,Claims Adjudication,DocuScan,document_review,Task Completed,Completed
E-000000213,C-0000026,Approval,2025-09-14 06:12:03.964784416,16.62,U-0054,Claims Adjudication,ClaimsCore,approval,Task Completed,Completed
E-000000214,C-0000026,Payment Processing,2025-09-14 09:48:05.000766938,6.77,U-0024,Payment Operations,PaymentHub,payment_processing,Task Completed,Completed
E-000000215,C-0000026,Case Closed,2025-09-14 10:21:35.384385881,2.88,U-0008,Claims Adjudication,ClaimsCore,case_closed,Case Completed,Closed
E-000000216,C-0000027,Claim Received,2025-07-02 20:48:19.915432450,3.89,U-0099,Intake Operations,ClaimsCore,claim_received,Case Created,Completed
E-000000217,C-0000027,Eligibility Check,2025-07-02 21:37:43.649927378,7.49,U-0016,Eligibility Operations,Member360,eligibility_check,Task Completed,Completed
E-000000218,C-0000027,Document Intake,2025-07-02 23:38:25.852931324,13.02,U-0098,Intake Operations,DocuScan,document_intake,Task Completed,Completed
E-000000219,C-0000027,Document Review,2025-07-03 01:23:08.236056555,25.02,U-0014,Claims Adjudication,DocuScan,document_review,Task Completed,Completed
E-000000220,C-0000027,Medical Necessity Review,2025-07-03 10:57:45.948211850,121.14,U-0093,Clinical Review,PolicyRules,medical_necessity_review,Task Completed,Completed
E-000000221,C-0000027,Nurse Review,2025-07-03 15:50:43.773771748,44.61,U-0097,Clinical Review,PolicyRules,nurse_review,Task Completed,Completed
E-000000222,C-0000027,Medical Necessity Review,2025-07-03 23:19:29.674069513,41.04,U-0015,Clinical Review,PolicyRules,medical_necessity_review,Task Completed,Completed
E-000000223,C-0000027,Nurse Review,2025-07-04 01:54:45.749516791,91.03,U-0072,Clinical Review,PolicyRules,nurse_review,Task Completed,Completed
E-000000224,C-0000027,Medical Director Review,2025-07-04 15:49:28.138857360,76.84,U-0038,Medical Directors,PolicyRules,medical_director_review,Task Completed,Completed
E-000000225,C-0000027,Denial,2025-07-04 19:35:29.974218249,11.53,U-0055,Claims Adjudication,ClaimsCore,denial,Task Completed,Completed
E-000000226,C-0000027,Case Closed,2025-07-04 19:49:58.533817526,4.5,U-0092,Claims Adjudication,ClaimsCore,case_closed,Case Completed,Closed
E-000000227,C-0000028,Claim Received,2025-10-19 03:00:49.445941127,3.99,U-0086,Intake Operations,ClaimsCore,claim_received,Case Created,Completed
E-000000228,C-0000028,Eligibility Check,2025-10-19 03:19:21.764104622,9.04,U-0091,Eligibility Operations,Member360,eligibility_check,Task Completed,Completed
E-000000229,C-0000028,Document Intake,2025-10-19 04:02:35.989540383,6.49,U-0028,Intake Operations,DocuScan,document_intake,Task Completed,Completed
E-000000230,C-0000028,Document Review,2025-10-19 08:30:07.871468155,52.52,U-0056,Claims Adjudication,DocuScan,document_review,Task Completed,Completed
E-000000231,C-0000028,Medical Necessity Review,2025-10-19 23:20:30.562673634,66.98,U-0033,Clinical Review,PolicyRules,medical_necessity_review,Task Completed,Completed
E-000000232,C-0000028,Nurse Review,2025-10-20 19:54:58.765145360,57.94,U-0034,Clinical Review,PolicyRules,nurse_review,Task Completed,Completed
E-000000233,C-0000028,Medical Director Review,2025-10-20 22:54:47.493756313,209.82,U-0038,Medical Directors,PolicyRules,medical_director_review,Task Completed,Completed
E-000000234,C-0000028,Approval,2025-10-21 03:49:29.530950276,16.28,U-0021,Claims Adjudication,ClaimsCore,approval,Task Completed,Completed
E-000000235,C-0000028,Payment Processing,2025-10-21 07:24:28.841499811,15.54,U-0006,Payment Operations,PaymentHub,payment_processing,Task Completed,Completed
E-000000236,C-0000028,Case Closed,2025-10-21 07:49:05.960079525,5.61,U-0001,Claims Adjudication,ClaimsCore,case_closed,Case Completed,Closed
E-000000237,C-0000029,Claim Received,2025-10-14 08:52:57.351854610,4.27,U-0028,Intake Operations,ClaimsCore,claim_received,Case Created,Completed
E-000000238,C-0000029,Eligibility Check,2025-10-14 09:05:58.457036434,23.38,U-0089,Eligibility Operations,Member360,eligibility_check,Task Completed,Completed
E-000000239,C-0000029,Document Intake,2025-10-14 09:57:14.200339914,9.76,U-0018,Intake Operations,DocuScan,document_intake,Task Completed,Completed
E-000000240,C-0000029,Document Review,2025-10-14 10:45:08.901114405,42.14,U-0092,Claims Adjudication,DocuScan,document_review,Task Completed,Completed
E-000000241,C-0000029,Denial,2025-10-14 13:03:57.511615915,23.74,U-0019,Claims Adjudication,ClaimsCore,denial,Task Completed,Completed
E-000000242,C-0000029,Case Closed,2025-10-14 13:38:49.094391005,9.52,U-0003,Claims Adjudication,ClaimsCore,case_closed,Case Completed,Closed
E-000000243,C-0000030,Claim Received,2025-12-19 04:12:09.644809752,3.58,U-0018,Intake Operations,ClaimsCore,claim_received,Case Created,Completed
E-000000244,C-0000030,Eligibility Check,2025-12-19 04:33:30.364057038,3.75,U-0036,Eligibility Operations,Member360,eligibility_check,Task Completed,Completed
E-000000245,C-0000030,Document Intake,2025-12-19 04:54:15.913706961,13.61,U-0028,Intake Operations,DocuScan,document_intake,Task Completed,Completed
E-000000246,C-0000030,Document Review,2025-12-19 08:57:11.320228756,45.61,U-0001,Claims Adjudication,DocuScan,document_review,Task Completed,Completed
E-000000247,C-0000030,Approval,2025-12-19 10:00:07.319527638,19.74,U-0046,Claims Adjudication,ClaimsCore,approval,Task Completed,Completed
E-000000248,C-0000030,Payment Processing,2025-12-19 19:16:35.978872097,19.74,U-0023,Payment Operations,PaymentHub,payment_processing,Task Completed,Completed
E-000000249,C-0000030,Case Closed,2025-12-19 19:40:39.970753598,3.08,U-0021,Claims Adjudication,ClaimsCore,case_closed,Case Completed,Closed
E-000000250,C-0000031,Claim Received,2025-10-01 06:49:30.642643753,4.59,U-0005,Intake Operations,ClaimsCore,claim_received,Case Created,Completed
E-000000251,C-0000031,Eligibility Check,2025-10-01 08:04:37.852522248,8.02,U-0016,Eligibility Operations,Member360,eligibility_check,Task Completed,Completed
E-000000252,C-0000031,Document Intake,2025-10-01 08:45:56.327896753,7.36,U-0069,Intake Operations,DocuScan,document_intake,Task Completed,Completed
E-000000253,C-0000031,Document Review,2025-10-01 13:43:20.110221686,43.15,U-0021,Claims Adjudication,DocuScan,document_review,Task Completed,Completed
E-000000254,C-0000031,Medical Necessity Review,2025-10-01 15:05:32.234008543,46.21,U-0002,Clinical Review,PolicyRules,medical_necessity_review,Task Completed,Completed
E-000000255,C-0000031,Nurse Review,2025-10-01 17:20:47.780994378,56.89,U-0047,Clinical Review,PolicyRules,nurse_review,Task Completed,Completed
E-000000256,C-0000031,Denial,2025-10-01 18:59:10.432317356,8.25,U-0040,Claims Adjudication,ClaimsCore,denial,Task Completed,Completed
E-000000257,C-0000031,Case Closed,2025-10-01 19:12:40.439950146,6.02,U-0053,Claims Adjudication,ClaimsCore,case_closed,Case Completed,Closed
E-000000258,C-0000032,Claim Received,2025-09-24 13:56:12.271151582,4.67,U-0069,Intake Operations,ClaimsCore,claim_received,Case Created,Completed
E-000000259,C-0000032,Eligibility Check,2025-09-24 14:48:06.708047121,10.45,U-0016,Eligibility Operations,Member360,eligibility_check,Task Completed,Completed
E-000000260,C-0000032,Document Intake,2025-09-24 17:11:32.636236235,4.17,U-0099,Intake Operations,DocuScan,document_intake,Task Completed,Completed
E-000000261,C-0000032,Document Review,2025-09-24 19:14:57.866518572,22.77,U-0056,Claims Adjudication,DocuScan,document_review,Task Completed,Completed
E-000000262,C-0000032,Approval,2025-09-24 23:07:22.658730453,11.13,U-0073,Claims Adjudication,ClaimsCore,approval,Task Completed,Completed
E-000000263,C-0000032,Payment Processing,2025-09-25 04:29:47.116016070,11.34,U-0100,Payment Operations,PaymentHub,payment_processing,Task Completed,Completed
E-000000264,C-0000032,Case Closed,2025-09-25 05:04:14.405230889,7.35,U-0003,Claims Adjudication,ClaimsCore,case_closed,Case Completed,Closed
E-000000265,C-0000033,Claim Received,2025-07-13 09:17:08.587592361,3.74,U-0060,Intake Operations,ClaimsCore,claim_received,Case Created,Completed
E-000000266,C-0000033,Eligibility Check,2025-07-13 11:05:19.506817128,10.85,U-0050,Eligibility Operations,Member360,eligibility_check,Task Completed,Completed
E-000000267,C-0000033,Document Intake,2025-07-13 12:51:33.464448298,9.72,U-0085,Intake Operations,DocuScan,document_intake,Task Completed,Completed
E-000000268,C-0000033,Document Review,2025-07-13 17:45:39.081972995,37.84,U-0092,Claims Adjudication,DocuScan,document_review,Task Completed,Completed
E-000000269,C-0000033,Approval,2025-07-13 19:55:32.118547260,11.83,U-0019,Claims Adjudication,ClaimsCore,approval,Task Completed,Completed
E-000000270,C-0000033,Payment Processing,2025-07-13 23:59:39.753919616,24.78,U-0032,Payment Operations,PaymentHub,payment_processing,Task Completed,Completed
E-000000271,C-0000033,Case Closed,2025-07-14 00:50:08.489194740,14.53,U-0021,Claims Adjudication,ClaimsCore,case_closed,Case Completed,Closed
E-000000272,C-0000034,Claim Received,2025-08-06 00:08:21.147583246,2.45,U-0005,Intake Operations,ClaimsCore,claim_received,Case Created,Completed
E-000000273,C-0000034,Eligibility Check,2025-08-06 00:19:48.062191722,11.44,U-0050,Eligibility Operations,Member360,eligibility_check,Task Completed,Completed
E-000000274,C-0000034,Document Intake,2025-08-06 01:23:32.590522322,6.79,U-0060,Intake Operations,DocuScan,document_intake,Task Completed,Completed
E-000000275,C-0000034,Document Review,2025-08-06 05:56:41.848610372,55.57,U-0081,Claims Adjudication,DocuScan,document_review,Task Completed,Completed
E-000000276,C-0000034,Medical Necessity Review,2025-08-06 09:54:08.750703632,41.2,U-0011,Clinical Review,PolicyRules,medical_necessity_review,Task Completed,Completed
E-000000277,C-0000034,Approval,2025-08-06 10:55:22.086378037,9.79,U-0030,Claims Adjudication,ClaimsCore,approval,Task Completed,Completed
E-000000278,C-0000034,Payment Processing,2025-08-06 14:25:13.861436444,17.45,U-0012,Payment Operations,PaymentHub,payment_processing,Task Completed,Completed
E-000000279,C-0000034,Case Closed,2025-08-06 15:05:28.533534645,6.31,U-0007,Claims Adjudication,ClaimsCore,case_closed,Case Completed,Closed
E-000000280,C-0000035,Claim Received,2025-08-31 20:44:54.540966702,7.9,U-0099,Intake Operations,ClaimsCore,claim_received,Case Created,Completed
E-000000281,C-0000035,Eligibility Check,2025-08-31 21:03:21.313383135,7.08,U-0059,Eligibility Operations,Member360,eligibility_check,Task Completed,Completed
E-000000282,C-0000035,Document Intake,2025-08-31 21:51:59.891878620,4.09,U-0060,Intake Operations,DocuScan,document_intake,Task Completed,Completed
E-000000283,C-0000035,Document Review,2025-08-31 23:49:16.917427124,40.25,U-0092,Claims Adjudication,DocuScan,document_review,Task Completed,Completed
E-000000284,C-0000035,Medical Necessity Review,2025-09-01 14:12:59.428561801,81.65,U-0077,Clinical Review,PolicyRules,medical_necessity_review,Task Completed,Completed
E-000000285,C-0000035,Approval,2025-09-01 16:30:08.805072413,12.09,U-0031,Claims Adjudication,ClaimsCore,approval,Task Completed,Completed
E-000000286,C-0000035,Payment Processing,2025-09-02 01:01:40.715648467,13.02,U-0006,Payment Operations,PaymentHub,payment_processing,Task Completed,Completed
E-000000287,C-0000035,Case Closed,2025-09-02 02:23:16.774455597,8.5,U-0001,Claims Adjudication,ClaimsCore,case_closed,Case Completed,Closed
E-000000288,C-0000036,Claim Received,2025-09-08 00:42:20.494847085,2.72,U-0085,Intake Operations,ClaimsCore,claim_received,Case Created,Completed
E-000000289,C-0000036,Eligibility Check,2025-09-08 01:22:45.107453966,10.67,U-0074,Eligibility Operations,Member360,eligibility_check,Task Completed,Completed
E-000000290,C-0000036,Document Intake,2025-09-08 01:48:09.258312485,9.96,U-0085,Intake Operations,DocuScan,document_intake,Task Completed,Completed
E-000000291,C-0000036,Document Review,2025-09-08 03:25:53.172579555,79.71,U-0045,Claims Adjudication,DocuScan,document_review,Task Completed,Completed
E-000000292,C-0000036,Medical Necessity Review,2025-09-08 07:58:05.191155604,76.22,U-0094,Clinical Review,PolicyRules,medical_necessity_review,Task Completed,Completed
E-000000293,C-0000036,Nurse Review,2025-09-08 12:05:12.911670350,88.84,U-0022,Clinical Review,PolicyRules,nurse_review,Task Completed,Completed
E-000000294,C-0000036,Medical Director Review,2025-09-08 23:54:26.620994795,181.62,U-0035,Medical Directors,PolicyRules,medical_director_review,Task Completed,Completed
E-000000295,C-0000036,Approval,2025-09-09 04:05:22.606741097,10.19,U-0092,Claims Adjudication,ClaimsCore,approval,Task Completed,Completed
E-000000296,C-0000036,Payment Processing,2025-09-09 10:58:46.348225043,14.87,U-0100,Payment Operations,PaymentHub,payment_processing,Task Completed,Completed
E-000000297,C-0000036,Case Closed,2025-09-09 11:19:12.784942975,7.7,U-0049,Claims Adjudication,ClaimsCore,case_closed,Case Completed,Closed
E-000000298,C-0000037,Claim Received,2025-09-05 09:00:15.815163399,4.41,U-0099,Intake Operations,ClaimsCore,claim_received,Case Created,Completed
E-000000299,C-0000037,Eligibility Check,2025-09-05 09:37:12.498215492,9.29,U-0009,Eligibility Operations,Member360,eligibility_check,Task Completed,Completed
E-000000300,C-0000037,Document Intake,2025-09-05 10:32:04.424401595,11.69,U-0060,Intake Operations,DocuScan,document_intake,Task Completed,Completed
E-000000301,C-0000037,Document Review,2025-09-05 22:44:29.820608726,26.88,U-0042,Claims Adjudication,DocuScan,document_review,Task Completed,Completed
E-000000302,C-0000037,Denial,2025-09-06 00:58:15.944447251,29.93,U-0045,Claims Adjudication,ClaimsCore,denial,Task Completed,Completed
E-000000303,C-0000037,Case Closed,2025-09-06 01:53:22.162202696,5.78,U-0019,Claims Adjudication,ClaimsCore,case_closed,Case Completed,Closed
E-000000304,C-0000038,Claim Received,2025-09-11 03:14:11.197821861,5.24,U-0005,Intake Operations,ClaimsCore,claim_received,Case Created,Completed
E-000000305,C-0000038,Eligibility Check,2025-09-11 03:42:59.616728864,8.31,U-0051,Eligibility Operations,Member360,eligibility_check,Task Completed,Completed
E-000000306,C-0000038,Document Intake,2025-09-11 04:27:57.359827945,2.9,U-0098,Intake Operations,DocuScan,document_intake,Task Completed,Completed
E-000000307,C-0000038,Document Review,2025-09-11 20:37:53.356229074,36.21,U-0081,Claims Adjudication,DocuScan,document_review,Task Completed,Completed
E-000000308,C-0000038,Medical Necessity Review,2025-09-12 14:58:28.139180860,87.12,U-0097,Clinical Review,PolicyRules,medical_necessity_review,Task Completed,Completed
E-000000309,C-0000038,Nurse Review,2025-09-13 00:27:36.415613081,93.67,U-0095,Clinical Review,PolicyRules,nurse_review,Task Completed,Completed
E-000000310,C-0000038,Medical Director Review,2025-09-14 09:37:50.777865041,121.03,U-0088,Medical Directors,PolicyRules,medical_director_review,Task Completed,Completed
E-000000311,C-0000038,Denial,2025-09-14 14:50:34.676055334,16.89,U-0056,Claims Adjudication,ClaimsCore,denial,Task Completed,Completed
E-000000312,C-0000038,Case Closed,2025-09-14 15:08:24.422720401,5.22,U-0030,Claims Adjudication,ClaimsCore,case_closed,Case Completed,Closed
E-000000313,C-0000039,Claim Received,2025-11-18 17:08:31.788299468,3.05,U-0028,Intake Operations,ClaimsCore,claim_received,Case Created,Completed
E-000000314,C-0000039,Eligibility Check,2025-11-18 17:57:52.145664720,15.02,U-0009,Eligibility Operations,Member360,eligibility_check,Task Completed,Completed
E-000000315,C-0000039,Document Intake,2025-11-18 18:16:26.295137305,7.7,U-0052,Intake Operations,DocuScan,document_intake,Task Completed,Completed
E-000000316,C-0000039,Document Review,2025-11-18 21:30:33.694210575,30.22,U-0053,Claims Adjudication,DocuScan,document_review,Task Completed,Completed
E-000000317,C-0000039,Medical Necessity Review,2025-11-19 11:34:51.184705933,139.59,U-0022,Clinical Review,PolicyRules,medical_necessity_review,Task Completed,Completed
E-000000318,C-0000039,Nurse Review,2025-11-19 21:09:20.833224354,54.9,U-0082,Clinical Review,PolicyRules,nurse_review,Task Completed,Completed
E-000000319,C-0000039,Medical Necessity Review,2025-11-20 06:47:54.845653935,34.37,U-0094,Clinical Review,PolicyRules,medical_necessity_review,Task Completed,Completed
E-000000320,C-0000039,Nurse Review,2025-11-20 11:55:30.813195248,101.16,U-0041,Clinical Review,PolicyRules,nurse_review,Task Completed,Completed
E-000000321,C-0000039,Approval,2025-11-20 17:03:32.172906005,35.39,U-0092,Claims Adjudication,ClaimsCore,approval,Task Completed,Completed
E-000000322,C-0000039,Payment Processing,2025-11-21 01:04:55.546891649,10.98,U-0024,Payment Operations,PaymentHub,payment_processing,Task Completed,Completed
E-000000323,C-0000039,Case Closed,2025-11-21 01:32:45.291328859,4.75,U-0008,Claims Adjudication,ClaimsCore,case_closed,Case Completed,Closed
E-000000324,C-0000040,Claim Received,2025-07-24 23:50:16.349204134,4.97,U-0085,Intake Operations,ClaimsCore,claim_received,Case Created,Completed
E-000000325,C-0000040,Eligibility Check,2025-07-25 00:07:39.388524819,13.07,U-0026,Eligibility Operations,Member360,eligibility_check,Task Completed,Completed
E-000000326,C-0000040,Document Intake,2025-07-25 00:57:12.114175886,12.69,U-0085,Intake Operations,DocuScan,document_intake,Task Completed,Completed
E-000000327,C-0000040,Document Review,2025-07-25 01:40:13.256305219,57.12,U-0031,Claims Adjudication,DocuScan,document_review,Task Completed,Completed
E-000000328,C-0000040,Approval,2025-07-25 03:21:19.687788113,8.7,U-0045,Claims Adjudication,ClaimsCore,approval,Task Completed,Completed
E-000000329,C-0000040,Payment Processing,2025-07-25 09:09:31.304962178,12.02,U-0024,Payment Operations,PaymentHub,payment_processing,Task Completed,Completed
E-000000330,C-0000040,Case Closed,2025-07-25 09:30:06.390437208,5.79,U-0061,Claims Adjudication,ClaimsCore,case_closed,Case Completed,Closed
E-000000331,C-0000041,Claim Received,2025-08-30 19:17:30.294163288,6.7,U-0098,Intake Operations,ClaimsCore,claim_received,Case Created,Completed
E-000000332,C-0000041,Eligibility Check,2025-08-30 19:36:50.214662819,16.88,U-0084,Eligibility Operations,Member360,eligibility_check,Task Completed,Completed
E-000000333,C-0000041,Document Intake,2025-08-30 20:28:17.766663961,10.46,U-0052,Intake Operations,DocuScan,document_intake,Task Completed,Completed
E-000000334,C-0000041,Document Review,2025-08-31 04:55:50.546324665,45.39,U-0003,Claims Adjudication,DocuScan,document_review,Task Completed,Completed
E-000000335,C-0000041,Medical Necessity Review,2025-08-31 13:26:17.025678650,63.35,U-0095,Clinical Review,PolicyRules,medical_necessity_review,Task Completed,Completed
E-000000336,C-0000041,Nurse Review,2025-08-31 16:50:17.056437029,82.28,U-0011,Clinical Review,PolicyRules,nurse_review,Task Completed,Completed
E-000000337,C-0000041,Medical Director Review,2025-09-01 01:44:22.495448186,123.93,U-0090,Medical Directors,PolicyRules,medical_director_review,Task Completed,Completed
E-000000338,C-0000041,Approval,2025-09-01 05:22:19.647367278,9.31,U-0054,Claims Adjudication,ClaimsCore,approval,Task Completed,Completed
E-000000339,C-0000041,Payment Processing,2025-09-01 09:57:59.122793450,14.62,U-0100,Payment Operations,PaymentHub,payment_processing,Task Completed,Completed
E-000000340,C-0000041,Case Closed,2025-09-01 10:47:19.554689183,6.89,U-0049,Claims Adjudication,ClaimsCore,case_closed,Case Completed,Closed
E-000000341,C-0000042,Claim Received,2025-07-30 19:20:39.063723542,4.52,U-0086,Intake Operations,ClaimsCore,claim_received,Case Created,Completed
E-000000342,C-0000042,Eligibility Check,2025-07-30 19:32:53.816528712,14.72,U-0059,Eligibility Operations,Member360,eligibility_check,Task Completed,Completed
E-000000343,C-0000042,Document Intake,2025-07-30 19:54:07.436857068,4.0,U-0052,Intake Operations,DocuScan,document_intake,Task Completed,Completed
E-000000344,C-0000042,Document Review,2025-07-30 20:59:21.546617000,27.8,U-0008,Claims Adjudication,DocuScan,document_review,Task Completed,Completed
E-000000345,C-0000042,Provider Clarification,2025-07-31 11:33:21.714280978,30.32,U-0067,Provider Services,ProviderPortal,provider_clarification,Task Completed,Completed
E-000000346,C-0000042,Document Review,2025-07-31 13:23:24.877274538,36.66,U-0054,Claims Adjudication,DocuScan,document_review,Task Completed,Completed
E-000000347,C-0000042,Approval,2025-07-31 14:16:58.100896943,16.88,U-0049,Claims Adjudication,ClaimsCore,approval,Task Completed,Completed
E-000000348,C-0000042,Payment Processing,2025-07-31 18:30:00.210030990,16.65,U-0024,Payment Operations,PaymentHub,payment_processing,Task Completed,Completed
E-000000349,C-0000042,Case Closed,2025-07-31 18:50:59.845037438,10.37,U-0008,Claims Adjudication,ClaimsCore,case_closed,Case Completed,Closed
E-000000350,C-0000043,Claim Received,2025-08-26 07:53:21.170512064,4.02,U-0069,Intake Operations,ClaimsCore,claim_received,Case Created,Completed
E-000000351,C-0000043,Eligibility Check,2025-08-26 08:41:16.691645790,7.72,U-0051,Eligibility Operations,Member360,eligibility_check,Task Completed,Completed
E-000000352,C-0000043,Document Intake,2025-08-26 09:28:04.013967009,19.18,U-0069,Intake Operations,DocuScan,document_intake,Task Completed,Completed
E-000000353,C-0000043,Document Review,2025-08-26 18:26:55.084733592,35.47,U-0021,Claims Adjudication,DocuScan,document_review,Task Completed,Completed
E-000000354,C-0000043,Approval,2025-08-26 20:50:24.602837948,19.84,U-0021,Claims Adjudication,ClaimsCore,approval,Task Completed,Completed
E-000000355,C-0000043,Payment Processing,2025-08-27 08:56:44.780983129,21.78,U-0032,Payment Operations,PaymentHub,payment_processing,Task Completed,Completed
E-000000356,C-0000043,Case Closed,2025-08-27 09:29:18.534416589,4.63,U-0054,Claims Adjudication,ClaimsCore,case_closed,Case Completed,Closed
E-000000357,C-0000044,Claim Received,2025-11-03 06:45:47.645219234,3.39,U-0018,Intake Operations,ClaimsCore,claim_received,Case Created,Completed
E-000000358,C-0000044,Eligibility Check,2025-11-03 06:52:17.344605313,9.29,U-0089,Eligibility Operations,Member360,eligibility_check,Task Completed,Completed
E-000000359,C-0000044,Document Intake,2025-11-03 07:41:30.171462017,10.73,U-0098,Intake Operations,DocuScan,document_intake,Task Completed,Completed
E-000000360,C-0000044,Document Review,2025-11-03 15:54:32.930743331,35.55,U-0031,Claims Adjudication,DocuScan,document_review,Task Completed,Completed
E-000000361,C-0000044,Medical Necessity Review,2025-11-04 01:00:13.250164588,86.57,U-0093,Clinical Review,PolicyRules,medical_necessity_review,Task Completed,Completed
E-000000362,C-0000044,Nurse Review,2025-11-04 05:07:10.233451314,40.01,U-0011,Clinical Review,PolicyRules,nurse_review,Task Completed,Completed
E-000000363,C-0000044,Approval,2025-11-04 07:44:29.423309824,17.08,U-0043,Claims Adjudication,ClaimsCore,approval,Task Completed,Completed
E-000000364,C-0000044,Payment Processing,2025-11-04 15:17:11.270786735,13.6,U-0023,Payment Operations,PaymentHub,payment_processing,Task Completed,Completed
E-000000365,C-0000044,Case Closed,2025-11-04 15:44:38.524561684,4.32,U-0078,Claims Adjudication,ClaimsCore,case_closed,Case Completed,Closed
E-000000366,C-0000045,Claim Received,2025-07-09 13:23:22.961994730,3.19,U-0098,Intake Operations,ClaimsCore,claim_received,Case Created,Completed
E-000000367,C-0000045,Eligibility Check,2025-07-09 14:25:59.321714741,17.39,U-0037,Eligibility Operations,Member360,eligibility_check,Task Completed,Completed
E-000000368,C-0000045,Document Intake,2025-07-09 16:39:30.960920685,13.72,U-0098,Intake Operations,DocuScan,document_intake,Task Completed,Completed
E-000000369,C-0000045,Document Review,2025-07-09 20:31:13.140611274,30.54,U-0031,Claims Adjudication,DocuScan,document_review,Task Completed,Completed
E-000000370,C-0000045,Approval,2025-07-10 01:34:51.898945197,16.16,U-0031,Claims Adjudication,ClaimsCore,approval,Task Completed,Completed
E-000000371,C-0000045,Payment Processing,2025-07-10 05:56:34.688383989,26.89,U-0032,Payment Operations,PaymentHub,payment_processing,Task Completed,Completed
E-000000372,C-0000045,Case Closed,2025-07-10 06:29:46.161788017,3.81,U-0046,Claims Adjudication,ClaimsCore,case_closed,Case Completed,Closed
E-000000373,C-0000046,Claim Received,2025-09-01 03:02:05.665386444,5.37,U-0099,Intake Operations,ClaimsCore,claim_received,Case Created,Completed
E-000000374,C-0000046,Eligibility Check,2025-09-01 03:17:29.047491328,12.78,U-0074,Eligibility Operations,Member360,eligibility_check,Task Completed,Completed
E-000000375,C-0000046,Document Intake,2025-09-01 04:35:50.745218570,9.9,U-0005,Intake Operations,DocuScan,document_intake,Task Completed,Completed
E-000000376,C-0000046,Document Review,2025-09-01 08:46:21.574260642,69.92,U-0043,Claims Adjudication,DocuScan,document_review,Task Completed,Completed
E-000000377,C-0000046,Approval,2025-09-01 10:36:39.353311794,20.06,U-0056,Claims Adjudication,ClaimsCore,approval,Task Completed,Completed
E-000000378,C-0000046,Payment Processing,2025-09-01 19:25:23.892207600,16.6,U-0023,Payment Operations,PaymentHub,payment_processing,Task Completed,Completed
E-000000379,C-0000046,Case Closed,2025-09-01 19:55:53.848077262,3.57,U-0064,Claims Adjudication,ClaimsCore,case_closed,Case Completed,Closed
E-000000380,C-0000047,Claim Received,2025-07-05 08:03:18.653276493,5.24,U-0060,Intake Operations,ClaimsCore,claim_received,Case Created,Completed
E-000000381,C-0000047,Eligibility Check,2025-07-05 08:21:29.885845221,7.77,U-0036,Eligibility Operations,Member360,eligibility_check,Task Completed,Completed
E-000000382,C-0000047,Document Intake,2025-07-05 09:06:23.786491494,6.71,U-0018,Intake Operations,DocuScan,document_intake,Task Completed,Completed
E-000000383,C-0000047,Document Review,2025-07-05 10:51:40.609940929,76.25,U-0045,Claims Adjudication,DocuScan,document_review,Task Completed,Completed
E-000000384,C-0000047,Medical Necessity Review,2025-07-05 19:20:49.640189920,54.23,U-0057,Clinical Review,PolicyRules,medical_necessity_review,Task Completed,Completed
E-000000385,C-0000047,Nurse Review,2025-07-06 10:32:57.297548853,85.88,U-0095,Clinical Review,PolicyRules,nurse_review,Task Completed,Completed
E-000000386,C-0000047,Medical Director Review,2025-07-06 22:41:22.334541316,198.61,U-0038,Medical Directors,PolicyRules,medical_director_review,Task Completed,Completed
E-000000387,C-0000047,Approval,2025-07-07 02:28:34.627247677,13.08,U-0001,Claims Adjudication,ClaimsCore,approval,Task Completed,Completed
E-000000388,C-0000047,Payment Processing,2025-07-07 15:01:10.656997035,14.47,U-0023,Payment Operations,PaymentHub,payment_processing,Task Completed,Completed
E-000000389,C-0000047,Case Closed,2025-07-07 16:38:24.039389574,5.81,U-0030,Claims Adjudication,ClaimsCore,case_closed,Case Completed,Closed
E-000000390,C-0000048,Claim Received,2025-12-22 17:57:40.107308388,3.44,U-0028,Intake Operations,ClaimsCore,claim_received,Case Created,Completed
E-000000391,C-0000048,Eligibility Check,2025-12-22 18:12:59.732416345,7.73,U-0084,Eligibility Operations,Member360,eligibility_check,Task Completed,Completed
E-000000392,C-0000048,Document Intake,2025-12-22 18:40:33.217319659,8.66,U-0086,Intake Operations,DocuScan,document_intake,Task Completed,Completed
E-000000393,C-0000048,Document Review,2025-12-22 20:06:37.656764706,43.35,U-0003,Claims Adjudication,DocuScan,document_review,Task Completed,Completed
E-000000394,C-0000048,Provider Clarification,2025-12-23 06:35:17.586326473,30.04,U-0058,Provider Services,ProviderPortal,provider_clarification,Task Completed,Completed
E-000000395,C-0000048,Document Review,2025-12-23 13:57:27.557209978,50.19,U-0092,Claims Adjudication,DocuScan,document_review,Task Completed,Completed
E-000000396,C-0000048,Medical Necessity Review,2025-12-24 02:51:44.973629222,93.73,U-0011,Clinical Review,PolicyRules,medical_necessity_review,Task Completed,Completed
E-000000397,C-0000048,Approval,2025-12-24 04:51:06.880746288,19.74,U-0073,Claims Adjudication,ClaimsCore,approval,Task Completed,Completed
E-000000398,C-0000048,Payment Processing,2025-12-24 07:21:49.455062766,7.88,U-0012,Payment Operations,PaymentHub,payment_processing,Task Completed,Completed
E-000000399,C-0000048,Case Closed,2025-12-24 07:32:58.909600070,2.52,U-0053,Claims Adjudication,ClaimsCore,case_closed,Case Completed,Closed
E-000000400,C-0000049,Claim Received,2025-11-11 02:12:29.673676835,2.41,U-0085,Intake Operations,ClaimsCore,claim_received,Case Created,Completed
E-000000401,C-0000049,Eligibility Check,2025-11-11 02:34:12.527080971,10.92,U-0084,Eligibility Operations,Member360,eligibility_check,Task Completed,Completed
E-000000402,C-0000049,Document Intake,2025-11-11 03:20:47.129531522,9.29,U-0099,Intake Operations,DocuScan,document_intake,Task Completed,Completed
E-000000403,C-0000049,Document Review,2025-11-11 06:34:16.778016332,57.13,U-0055,Claims Adjudication,DocuScan,document_review,Task Completed,Completed
E-000000404,C-0000049,Medical Necessity Review,2025-11-11 15:12:41.728367099,80.93,U-0072,Clinical Review,PolicyRules,medical_necessity_review,Task Completed,Completed
E-000000405,C-0000049,Nurse Review,2025-11-11 18:29:26.752232272,82.65,U-0022,Clinical Review,PolicyRules,nurse_review,Task Completed,Completed
E-000000406,C-0000049,Approval,2025-11-11 21:09:47.259457353,6.99,U-0031,Claims Adjudication,ClaimsCore,approval,Task Completed,Completed
E-000000407,C-0000049,Payment Processing,2025-11-11 22:51:40.530923356,13.34,U-0024,Payment Operations,PaymentHub,payment_processing,Task Completed,Completed
E-000000408,C-0000049,Case Closed,2025-11-11 23:58:59.807219427,3.22,U-0080,Claims Adjudication,ClaimsCore,case_closed,Case Completed,Closed
E-000000409,C-0000050,Claim Received,2025-08-14 13:54:03.681918458,4.71,U-0085,Intake Operations,ClaimsCore,claim_received,Case Created,Completed
E-000000410,C-0000050,Eligibility Check,2025-08-14 14:53:14.060250907,15.66,U-0036,Eligibility Operations,Member360,eligibility_check,Task Completed,Completed
E-000000411,C-0000050,Document Intake,2025-08-14 16:27:13.850631250,7.77,U-0060,Intake Operations,DocuScan,document_intake,Task Completed,Completed
E-000000412,C-0000050,Document Review,2025-08-14 20:39:43.768648703,23.61,U-0001,Claims Adjudication,DocuScan,document_review,Task Completed,Completed
E-000000413,C-0000050,Medical Necessity Review,2025-08-15 10:00:26.686411217,50.04,U-0072,Clinical Review,PolicyRules,medical_necessity_review,Task Completed,Completed
E-000000414,C-0000050,Nurse Review,2025-08-15 14:12:51.943640991,77.55,U-0072,Clinical Review,PolicyRules,nurse_review,Task Completed,Completed
E-000000415,C-0000050,Medical Director Review,2025-08-17 04:22:59.192066436,106.54,U-0088,Medical Directors,PolicyRules,medical_director_review,Task Completed,Completed
E-000000416,C-0000050,Approval,2025-08-17 10:18:41.125557516,6.77,U-0078,Claims Adjudication,ClaimsCore,approval,Task Completed,Completed
E-000000417,C-0000050,Payment Processing,2025-08-17 19:03:13.111087419,20.58,U-0023,Payment Operations,PaymentHub,payment_processing,Task Completed,Completed
E-000000418,C-0000050,Case Closed,2025-08-17 19:36:55.964576268,4.89,U-0055,Claims Adjudication,ClaimsCore,case_closed,Case Completed,Closed
E-000000419,C-0000051,Claim Received,2025-08-06 06:33:00.313696582,5.52,U-0085,Intake Operations,ClaimsCore,claim_received,Case Created,Completed
E-000000420,C-0000051,Eligibility Check,2025-08-06 06:52:55.284473555,9.87,U-0037,Eligibility Operations,Member360,eligibility_check,Task Completed,Completed
E-000000421,C-0000051,Document Intake,2025-08-06 07:41:25.618576485,14.53,U-0069,Intake Operations,DocuScan,document_intake,Task Completed,Completed
E-000000422,C-0000051,Document Review,2025-08-06 13:48:54.660144414,66.36,U-0055,Claims Adjudication,DocuScan,document_review,Task Completed,Completed
E-000000423,C-0000051,Provider Clarification,2025-08-07 06:33:36.800745893,32.5,U-0063,Provider Services,ProviderPortal,provider_clarification,Task Completed,Completed
E-000000424,C-0000051,Document Review,2025-08-07 13:50:10.590607669,63.14,U-0042,Claims Adjudication,DocuScan,document_review,Task Completed,Completed
E-000000425,C-0000051,Medical Necessity Review,2025-08-07 23:08:40.692817329,56.99,U-0094,Clinical Review,PolicyRules,medical_necessity_review,Task Completed,Completed
E-000000426,C-0000051,Approval,2025-08-08 00:23:03.671222013,15.03,U-0043,Claims Adjudication,ClaimsCore,approval,Task Completed,Completed
E-000000427,C-0000051,Payment Processing,2025-08-08 03:25:17.606380528,13.37,U-0024,Payment Operations,PaymentHub,payment_processing,Task Completed,Completed
E-000000428,C-0000051,Case Closed,2025-08-08 03:42:32.122315425,4.24,U-0001,Claims Adjudication,ClaimsCore,case_closed,Case Completed,Closed
E-000000429,C-0000052,Claim Received,2025-07-19 02:31:23.268683854,3.69,U-0075,Intake Operations,ClaimsCore,claim_received,Case Created,Completed
E-000000430,C-0000052,Eligibility Check,2025-07-19 04:33:43.112147318,5.36,U-0059,Eligibility Operations,Member360,eligibility_check,Task Completed,Completed
E-000000431,C-0000052,Document Intake,2025-07-19 06:07:08.412966535,12.02,U-0075,Intake Operations,DocuScan,document_intake,Task Completed,Completed
E-000000432,C-0000052,Document Review,2025-07-19 11:50:32.650274267,41.93,U-0042,Claims Adjudication,DocuScan,document_review,Task Completed,Completed
E-000000433,C-0000052,Provider Clarification,2025-07-19 23:30:09.786980791,56.47,U-0020,Provider Services,ProviderPortal,provider_clarification,Task Completed,Completed
E-000000434,C-0000052,Document Review,2025-07-20 06:41:57.797155233,54.46,U-0092,Claims Adjudication,DocuScan,document_review,Task Completed,Completed
E-000000435,C-0000052,Denial,2025-07-20 08:43:16.813846705,12.58,U-0008,Claims Adjudication,ClaimsCore,denial,Task Completed,Completed
E-000000436,C-0000052,Case Closed,2025-07-20 09:12:08.338971043,7.53,U-0056,Claims Adjudication,ClaimsCore,case_closed,Case Completed,Closed
E-000000437,C-0000053,Claim Received,2025-09-25 12:54:28.689892862,3.23,U-0028,Intake Operations,ClaimsCore,claim_received,Case Created,Completed
E-000000438,C-0000053,Eligibility Check,2025-09-25 15:14:33.661255483,7.48,U-0071,Eligibility Operations,Member360,eligibility_check,Task Completed,Completed
E-000000439,C-0000053,Member Info Correction,2025-09-25 19:25:34.116371787,11.46,U-0071,Eligibility Operations,Member360,member_info_correction,Task Completed,Completed
E-000000440,C-0000053,Eligibility Check,2025-09-25 19:39:38.722471238,12.53,U-0089,Eligibility Operations,Member360,eligibility_check,Task Completed,Completed
E-000000441,C-0000053,Document Intake,2025-09-25 19:56:22.125965242,5.51,U-0018,Intake Operations,DocuScan,document_intake,Task Completed,Completed
E-000000442,C-0000053,Document Review,2025-09-25 22:00:24.465689570,26.43,U-0092,Claims Adjudication,DocuScan,document_review,Task Completed,Completed
E-000000443,C-0000053,Provider Clarification,2025-09-26 10:04:11.323626216,41.67,U-0065,Provider Services,ProviderPortal,provider_clarification,Task Completed,Completed
E-000000444,C-0000053,Document Review,2025-09-26 13:57:06.655973981,67.38,U-0073,Claims Adjudication,DocuScan,document_review,Task Completed,Completed
E-000000445,C-0000053,Provider Clarification,2025-09-27 01:18:21.150455311,43.53,U-0067,Provider Services,ProviderPortal,provider_clarification,Task Completed,Completed
E-000000446,C-0000053,Document Review,2025-09-27 06:28:10.101631929,32.02,U-0046,Claims Adjudication,DocuScan,document_review,Task Completed,Completed
E-000000447,C-0000053,Provider Clarification,2025-09-27 11:59:26.810185211,27.86,U-0067,Provider Services,ProviderPortal,provider_clarification,Task Completed,Completed
E-000000448,C-0000053,Document Review,2025-09-27 13:52:13.969703611,45.0,U-0053,Claims Adjudication,DocuScan,document_review,Task Completed,Completed
E-000000449,C-0000053,Provider Clarification,2025-09-27 16:43:13.831107846,28.97,U-0020,Provider Services,ProviderPortal,provider_clarification,Task Completed,Completed
E-000000450,C-0000053,Document Review,2025-09-27 20:30:20.538879118,37.39,U-0045,Claims Adjudication,DocuScan,document_review,Task Completed,Completed
E-000000451,C-0000053,Approval,2025-09-27 21:27:29.129257654,13.62,U-0056,Claims Adjudication,ClaimsCore,approval,Task Completed,Completed
E-000000452,C-0000053,Payment Processing,2025-09-28 01:19:49.855066806,31.47,U-0032,Payment Operations,PaymentHub,payment_processing,Task Completed,Completed
E-000000453,C-0000053,Case Closed,2025-09-28 02:50:43.079615431,5.96,U-0014,Claims Adjudication,ClaimsCore,case_closed,Case Completed,Closed
E-000000454,C-0000054,Claim Received,2025-11-15 21:31:19.412104255,2.85,U-0075,Intake Operations,ClaimsCore,claim_received,Case Created,Completed
E-000000455,C-0000054,Eligibility Check,2025-11-15 21:42:09.142162568,11.2,U-0016,Eligibility Operations,Member360,eligibility_check,Task Completed,Completed
E-000000456,C-0000054,Document Intake,2025-11-16 00:04:09.180732116,11.52,U-0028,Intake Operations,DocuScan,document_intake,Task Completed,Completed
E-000000457,C-0000054,Document Review,2025-11-16 12:54:04.196716461,32.78,U-0055,Claims Adjudication,DocuScan,document_review,Task Completed,Completed
E-000000458,C-0000054,Approval,2025-11-16 17:23:28.037399930,25.24,U-0053,Claims Adjudication,ClaimsCore,approval,Task Completed,Completed
E-000000459,C-0000054,Payment Processing,2025-11-16 22:36:41.823904650,13.74,U-0023,Payment Operations,PaymentHub,payment_processing,Task Completed,Completed
E-000000460,C-0000054,Case Closed,2025-11-16 23:32:07.740855211,6.11,U-0056,Claims Adjudication,ClaimsCore,case_closed,Case Completed,Closed
E-000000461,C-0000055,Claim Received,2025-10-15 21:55:08.360685722,2.5,U-0060,Intake Operations,ClaimsCore,claim_received,Case Created,Completed
E-000000462,C-0000055,Eligibility Check,2025-10-15 22:03:35.968902384,21.16,U-0036,Eligibility Operations,Member360,eligibility_check,Task Completed,Completed
E-000000463,C-0000055,Document Intake,2025-10-15 22:43:56.922070361,9.3,U-0060,Intake Operations,DocuScan,document_intake,Task Completed,Completed
E-000000464,C-0000055,Document Review,2025-10-16 00:34:44.806170970,74.64,U-0019,Claims Adjudication,DocuScan,document_review,Task Completed,Completed
E-000000465,C-0000055,Approval,2025-10-16 04:06:27.178951979,13.35,U-0081,Claims Adjudication,ClaimsCore,approval,Task Completed,Completed
E-000000466,C-0000055,Payment Processing,2025-10-16 08:18:09.121549115,12.3,U-0023,Payment Operations,PaymentHub,payment_processing,Task Completed,Completed
E-000000467,C-0000055,Case Closed,2025-10-16 08:45:03.798951846,3.86,U-0073,Claims Adjudication,ClaimsCore,case_closed,Case Completed,Closed
E-000000468,C-0000056,Claim Received,2025-12-09 05:40:52.226243358,3.99,U-0085,Intake Operations,ClaimsCore,claim_received,Case Created,Completed
E-000000469,C-0000056,Eligibility Check,2025-12-09 06:29:54.086207357,17.05,U-0026,Eligibility Operations,Member360,eligibility_check,Task Completed,Completed
E-000000470,C-0000056,Document Intake,2025-12-09 07:18:26.907938908,20.53,U-0098,Intake Operations,DocuScan,document_intake,Task Completed,Completed
E-000000471,C-0000056,Document Review,2025-12-10 01:30:05.217691321,27.58,U-0030,Claims Adjudication,DocuScan,document_review,Task Completed,Completed
E-000000472,C-0000056,Medical Necessity Review,2025-12-10 16:30:23.959083880,126.79,U-0002,Clinical Review,PolicyRules,medical_necessity_review,Task Completed,Completed
E-000000473,C-0000056,Nurse Review,2025-12-11 00:07:47.581653952,30.92,U-0002,Clinical Review,PolicyRules,nurse_review,Task Completed,Completed
E-000000474,C-0000056,Medical Director Review,2025-12-11 17:06:04.397275470,244.03,U-0062,Medical Directors,PolicyRules,medical_director_review,Task Completed,Completed
E-000000475,C-0000056,Approval,2025-12-11 22:11:10.835118570,33.14,U-0078,Claims Adjudication,ClaimsCore,approval,Task Completed,Completed
E-000000476,C-0000056,Payment Processing,2025-12-12 01:30:41.850223779,22.35,U-0032,Payment Operations,PaymentHub,payment_processing,Task Completed,Completed
E-000000477,C-0000056,Case Closed,2025-12-12 02:20:59.472548600,7.77,U-0014,Claims Adjudication,ClaimsCore,case_closed,Case Completed,Closed
E-000000478,C-0000057,Claim Received,2025-09-01 22:06:06.403557862,3.7,U-0069,Intake Operations,ClaimsCore,claim_received,Case Created,Completed
E-000000479,C-0000057,Eligibility Check,2025-09-01 22:28:31.268606764,7.32,U-0009,Eligibility Operations,Member360,eligibility_check,Task Completed,Completed
E-000000480,C-0000057,Document Intake,2025-09-01 23:10:45.600598548,5.19,U-0085,Intake Operations,DocuScan,document_intake,Task Completed,Completed
E-000000481,C-0000057,Document Review,2025-09-02 01:43:26.961451492,52.56,U-0040,Claims Adjudication,DocuScan,document_review,Task Completed,Completed
E-000000482,C-0000057,Denial,2025-09-02 05:21:32.101307746,18.21,U-0061,Claims Adjudication,ClaimsCore,denial,Task Completed,Completed
E-000000483,C-0000057,Case Closed,2025-09-02 05:47:02.868964060,3.71,U-0092,Claims Adjudication,ClaimsCore,case_closed,Case Completed,Closed
E-000000484,C-0000058,Claim Received,2025-08-20 21:30:59.133131640,2.61,U-0052,Intake Operations,ClaimsCore,claim_received,Case Created,Completed
E-000000485,C-0000058,Eligibility Check,2025-08-20 21:48:26.125191485,6.54,U-0051,Eligibility Operations,Member360,eligibility_check,Task Completed,Completed
E-000000486,C-0000058,Document Intake,2025-08-20 23:23:58.034324191,7.34,U-0018,Intake Operations,DocuScan,document_intake,Task Completed,Completed
E-000000487,C-0000058,Document Review,2025-08-21 03:11:07.524692510,111.74,U-0003,Claims Adjudication,DocuScan,document_review,Task Completed,Completed
E-000000488,C-0000058,Approval,2025-08-21 06:35:05.290853605,14.9,U-0040,Claims Adjudication,ClaimsCore,approval,Task Completed,Completed
E-000000489,C-0000058,Payment Processing,2025-08-21 13:43:49.127062807,11.14,U-0006,Payment Operations,PaymentHub,payment_processing,Task Completed,Completed
E-000000490,C-0000058,Case Closed,2025-08-21 14:35:15.481970016,6.97,U-0064,Claims Adjudication,ClaimsCore,case_closed,Case Completed,Closed
E-000000491,C-0000059,Claim Received,2025-09-26 11:38:30.403789871,4.02,U-0069,Intake Operations,ClaimsCore,claim_received,Case Created,Completed
E-000000492,C-0000059,Eligibility Check,2025-09-26 11:55:08.695435403,6.48,U-0036,Eligibility Operations,Member360,eligibility_check,Task Completed,Completed
E-000000493,C-0000059,Document Intake,2025-09-26 14:07:25.947343262,11.97,U-0028,Intake Operations,DocuScan,document_intake,Task Completed,Completed
E-000000494,C-0000059,Document Review,2025-09-27 05:04:49.915825887,32.42,U-0004,Claims Adjudication,DocuScan,document_review,Task Completed,Completed
E-000000495,C-0000059,Approval,2025-09-27 06:26:27.889728161,22.4,U-0049,Claims Adjudication,ClaimsCore,approval,Task Completed,Completed
E-000000496,C-0000059,Payment Processing,2025-09-27 09:56:05.984677630,10.44,U-0100,Payment Operations,PaymentHub,payment_processing,Task Completed,Completed
E-000000497,C-0000059,Case Closed,2025-09-27 10:27:37.664797308,7.76,U-0054,Claims Adjudication,ClaimsCore,case_closed,Case Completed,Closed
E-000000498,C-0000060,Claim Received,2025-08-06 23:39:04.186131173,4.95,U-0018,Intake Operations,ClaimsCore,claim_received,Case Created,Completed
E-000000499,C-0000060,Eligibility Check,2025-08-07 00:10:59.084519622,7.82,U-0050,Eligibility Operations,Member360,eligibility_check,Task Completed,Completed
E-000000500,C-0000060,Document Intake,2025-08-07 01:21:09.929735000,9.4,U-0085,Intake Operations,DocuScan,document_intake,Task Completed,Completed
E-000000501,C-0000060,Document Review,2025-08-07 06:56:33.152834292,53.75,U-0049,Claims Adjudication,DocuScan,document_review,Task Completed,Completed
E-000000502,C-0000060,Denial,2025-08-07 09:01:02.776832901,21.9,U-0064,Claims Adjudication,ClaimsCore,denial,Task Completed,Completed
E-000000503,C-0000060,Case Closed,2025-08-07 09:35:26.207985458,6.7,U-0021,Claims Adjudication,ClaimsCore,case_closed,Case Completed,Closed
E-000000504,C-0000061,Claim Received,2025-12-26 13:04:59.236804004,11.65,U-0052,Intake Operations,ClaimsCore,claim_received,Case Created,Completed
E-000000505,C-0000061,Eligibility Check,2025-12-26 13:56:35.949434509,8.67,U-0009,Eligibility Operations,Member360,eligibility_check,Task Completed,Completed
E-000000506,C-0000061,Document Intake,2025-12-26 15:08:27.491057193,16.26,U-0086,Intake Operations,DocuScan,document_intake,Task Completed,Completed
E-000000507,C-0000061,Document Review,2025-12-26 21:26:39.343670273,30.92,U-0031,Claims Adjudication,DocuScan,document_review,Task Completed,Completed
E-000000508,C-0000061,Medical Necessity Review,2025-12-28 22:40:06.734726658,58.73,U-0048,Clinical Review,PolicyRules,medical_necessity_review,Task Completed,Completed
E-000000509,C-0000061,Approval,2025-12-29 00:26:00.286218379,7.77,U-0043,Claims Adjudication,ClaimsCore,approval,Task Completed,Completed
E-000000510,C-0000061,Payment Processing,2025-12-29 08:51:36.639267923,18.96,U-0100,Payment Operations,PaymentHub,payment_processing,Task Completed,Completed
E-000000511,C-0000061,Case Closed,2025-12-29 09:20:21.068706232,5.92,U-0073,Claims Adjudication,ClaimsCore,case_closed,Case Completed,Closed
E-000000512,C-0000062,Claim Received,2025-08-04 00:00:42.499833706,1.88,U-0052,Intake Operations,ClaimsCore,claim_received,Case Created,Completed
E-000000513,C-0000062,Eligibility Check,2025-08-04 00:45:58.108827858,12.79,U-0016,Eligibility Operations,Member360,eligibility_check,Task Completed,Completed
E-000000514,C-0000062,Document Intake,2025-08-04 02:25:39.043674583,6.32,U-0018,Intake Operations,DocuScan,document_intake,Task Completed,Completed
E-000000515,C-0000062,Document Review,2025-08-04 04:21:29.998679184,25.97,U-0001,Claims Adjudication,DocuScan,document_review,Task Completed,Completed
E-000000516,C-0000062,Approval,2025-08-04 05:09:14.234727924,8.06,U-0045,Claims Adjudication,ClaimsCore,approval,Task Completed,Completed
E-000000517,C-0000062,Payment Processing,2025-08-04 06:56:17.825140425,15.87,U-0100,Payment Operations,PaymentHub,payment_processing,Task Completed,Completed
E-000000518,C-0000062,Case Closed,2025-08-04 07:32:25.274528738,3.17,U-0087,Claims Adjudication,ClaimsCore,case_closed,Case Completed,Closed
E-000000519,C-0000063,Claim Received,2025-09-26 15:15:19.087307232,3.23,U-0018,Intake Operations,ClaimsCore,claim_received,Case Created,Completed
E-000000520,C-0000063,Eligibility Check,2025-09-26 15:43:33.669034020,8.18,U-0016,Eligibility Operations,Member360,eligibility_check,Task Completed,Completed
E-000000521,C-0000063,Document Intake,2025-09-26 16:07:23.818608497,10.82,U-0069,Intake Operations,DocuScan,document_intake,Task Completed,Completed
E-000000522,C-0000063,Document Review,2025-09-27 00:38:52.154681591,26.48,U-0031,Claims Adjudication,DocuScan,document_review,Task Completed,Completed
E-000000523,C-0000063,Provider Clarification,2025-09-28 04:18:32.636695502,52.44,U-0096,Provider Services,ProviderPortal,provider_clarification,Task Completed,Completed
E-000000524,C-0000063,Document Review,2025-09-28 09:30:20.035550676,21.67,U-0045,Claims Adjudication,DocuScan,document_review,Task Completed,Completed
E-000000525,C-0000063,Approval,2025-09-28 11:00:51.334339365,9.55,U-0004,Claims Adjudication,ClaimsCore,approval,Task Completed,Completed
E-000000526,C-0000063,Payment Processing,2025-09-28 12:02:40.391426958,19.41,U-0032,Payment Operations,PaymentHub,payment_processing,Task Completed,Completed
E-000000527,C-0000063,Case Closed,2025-09-28 12:28:24.595010349,9.23,U-0078,Claims Adjudication,ClaimsCore,case_closed,Case Completed,Closed
E-000000528,C-0000064,Claim Received,2025-10-04 12:44:42.341626979,2.66,U-0052,Intake Operations,ClaimsCore,claim_received,Case Created,Completed
E-000000529,C-0000064,Eligibility Check,2025-10-04 13:21:38.747360815,12.12,U-0051,Eligibility Operations,Member360,eligibility_check,Task Completed,Completed
E-000000530,C-0000064,Document Intake,2025-10-04 14:27:09.664321975,11.53,U-0075,Intake Operations,DocuScan,document_intake,Task Completed,Completed
E-000000531,C-0000064,Document Review,2025-10-04 15:31:42.415299475,42.94,U-0045,Claims Adjudication,DocuScan,document_review,Task Completed,Completed
E-000000532,C-0000064,Provider Clarification,2025-10-04 22:19:08.874209689,40.81,U-0020,Provider Services,ProviderPortal,provider_clarification,Task Completed,Completed
E-000000533,C-0000064,Document Review,2025-10-05 01:51:32.775843251,31.31,U-0078,Claims Adjudication,DocuScan,document_review,Task Completed,Completed
E-000000534,C-0000064,Denial,2025-10-05 08:18:32.825862180,21.23,U-0025,Claims Adjudication,ClaimsCore,denial,Task Completed,Completed
E-000000535,C-0000064,Case Closed,2025-10-05 08:54:48.506965152,6.04,U-0008,Claims Adjudication,ClaimsCore,case_closed,Case Completed,Closed
E-000000536,C-0000065,Claim Received,2025-07-11 10:34:20.110793120,1.65,U-0005,Intake Operations,ClaimsCore,claim_received,Case Created,Completed
E-000000537,C-0000065,Eligibility Check,2025-07-11 11:18:59.532634594,19.55,U-0084,Eligibility Operations,Member360,eligibility_check,Task Completed,Completed
E-000000538,C-0000065,Document Intake,2025-07-11 13:06:49.721777514,6.25,U-0052,Intake Operations,DocuScan,document_intake,Task Completed,Completed
E-000000539,C-0000065,Document Review,2025-07-11 15:41:21.236626221,65.68,U-0030,Claims Adjudication,DocuScan,document_review,Task Completed,Completed
E-000000540,C-0000065,Approval,2025-07-11 17:33:47.583966894,15.02,U-0055,Claims Adjudication,ClaimsCore,approval,Task Completed,Completed
E-000000541,C-0000065,Payment Processing,2025-07-12 00:16:52.753380889,12.31,U-0023,Payment Operations,PaymentHub,payment_processing,Task Completed,Completed
E-000000542,C-0000065,Case Closed,2025-07-12 00:49:41.377977260,4.4,U-0046,Claims Adjudication,ClaimsCore,case_closed,Case Completed,Closed
E-000000543,C-0000066,Claim Received,2025-09-24 17:19:11.650268616,3.11,U-0018,Intake Operations,ClaimsCore,claim_received,Case Created,Completed
E-000000544,C-0000066,Eligibility Check,2025-09-24 18:18:33.936352394,10.62,U-0036,Eligibility Operations,Member360,eligibility_check,Task Completed,Completed
E-000000545,C-0000066,Document Intake,2025-09-24 18:53:32.468473865,7.79,U-0098,Intake Operations,DocuScan,document_intake,Task Completed,Completed
E-000000546,C-0000066,Document Review,2025-09-24 21:52:35.155715896,23.72,U-0004,Claims Adjudication,DocuScan,document_review,Task Completed,Completed
E-000000547,C-0000066,Medical Necessity Review,2025-09-25 13:56:44.796419561,106.05,U-0048,Clinical Review,PolicyRules,medical_necessity_review,Task Completed,Completed
E-000000548,C-0000066,Nurse Review,2025-09-25 19:10:42.635724393,57.05,U-0094,Clinical Review,PolicyRules,nurse_review,Task Completed,Completed
E-000000549,C-0000066,Approval,2025-09-25 21:22:31.828320740,13.62,U-0073,Claims Adjudication,ClaimsCore,approval,Task Completed,Completed
E-000000550,C-0000066,Payment Processing,2025-09-26 00:57:32.843166964,15.69,U-0024,Payment Operations,PaymentHub,payment_processing,Task Completed,Completed
E-000000551,C-0000066,Case Closed,2025-09-26 01:19:55.397313119,6.26,U-0003,Claims Adjudication,ClaimsCore,case_closed,Case Completed,Closed
E-000000552,C-0000067,Claim Received,2025-09-22 05:06:29.526535739,3.94,U-0098,Intake Operations,ClaimsCore,claim_received,Case Created,Completed
E-000000553,C-0000067,Eligibility Check,2025-09-22 05:34:56.593748828,10.33,U-0071,Eligibility Operations,Member360,eligibility_check,Task Completed,Completed
E-000000554,C-0000067,Document Intake,2025-09-22 05:45:47.527030583,7.26,U-0075,Intake Operations,DocuScan,document_intake,Task Completed,Completed
E-000000555,C-0000067,Document Review,2025-09-22 07:29:48.890549319,70.5,U-0043,Claims Adjudication,DocuScan,document_review,Task Completed,Completed
E-000000556,C-0000067,Approval,2025-09-22 08:43:10.818760177,13.24,U-0030,Claims Adjudication,ClaimsCore,approval,Task Completed,Completed
E-000000557,C-0000067,Payment Processing,2025-09-22 13:13:36.576418335,10.79,U-0006,Payment Operations,PaymentHub,payment_processing,Task Completed,Completed
E-000000558,C-0000067,Case Closed,2025-09-22 13:41:14.401913545,4.67,U-0081,Claims Adjudication,ClaimsCore,case_closed,Case Completed,Closed
E-000000559,C-0000068,Claim Received,2025-08-17 11:30:08.388032441,4.67,U-0028,Intake Operations,ClaimsCore,claim_received,Case Created,Completed
E-000000560,C-0000068,Eligibility Check,2025-08-17 12:08:25.173677460,10.98,U-0089,Eligibility Operations,Member360,eligibility_check,Task Completed,Completed
E-000000561,C-0000068,Member Info Correction,2025-08-17 15:22:47.149292467,14.33,U-0071,Eligibility Operations,Member360,member_info_correction,Task Completed,Completed
E-000000562,C-0000068,Eligibility Check,2025-08-17 15:42:01.419427302,8.33,U-0074,Eligibility Operations,Member360,eligibility_check,Task Completed,Completed
E-000000563,C-0000068,Document Intake,2025-08-17 15:56:55.910405036,5.51,U-0069,Intake Operations,DocuScan,document_intake,Task Completed,Completed
E-000000564,C-0000068,Document Review,2025-08-17 22:02:31.177111918,54.53,U-0043,Claims Adjudication,DocuScan,document_review,Task Completed,Completed
E-000000565,C-0000068,Provider Clarification,2025-08-18 13:45:27.181987981,32.47,U-0020,Provider Services,ProviderPortal,provider_clarification,Task Completed,Completed
E-000000566,C-0000068,Document Review,2025-08-18 15:02:57.073560824,65.14,U-0043,Claims Adjudication,DocuScan,document_review,Task Completed,Completed
E-000000567,C-0000068,Approval,2025-08-18 20:10:47.455517349,17.7,U-0054,Claims Adjudication,ClaimsCore,approval,Task Completed,Completed
E-000000568,C-0000068,Payment Processing,2025-08-19 00:39:53.903035782,8.54,U-0023,Payment Operations,PaymentHub,payment_processing,Task Completed,Completed
E-000000569,C-0000068,Case Closed,2025-08-19 01:10:05.481752397,2.41,U-0019,Claims Adjudication,ClaimsCore,case_closed,Case Completed,Closed
E-000000570,C-0000069,Claim Received,2025-07-24 10:08:02.728611322,3.52,U-0086,Intake Operations,ClaimsCore,claim_received,Case Created,Completed
E-000000571,C-0000069,Eligibility Check,2025-07-24 10:40:44.705634859,11.62,U-0050,Eligibility Operations,Member360,eligibility_check,Task Completed,Completed
E-000000572,C-0000069,Document Intake,2025-07-24 12:00:48.430638136,16.9,U-0028,Intake Operations,DocuScan,document_intake,Task Completed,Completed
E-000000573,C-0000069,Document Review,2025-07-24 15:44:16.015755677,38.37,U-0092,Claims Adjudication,DocuScan,document_review,Task Completed,Completed
E-000000574,C-0000069,Provider Clarification,2025-07-24 21:21:39.155810107,43.77,U-0065,Provider Services,ProviderPortal,provider_clarification,Task Completed,Completed
E-000000575,C-0000069,Document Review,2025-07-25 09:44:24.970670801,90.78,U-0046,Claims Adjudication,DocuScan,document_review,Task Completed,Completed
E-000000576,C-0000069,Approval,2025-07-25 12:02:04.287647634,13.85,U-0083,Claims Adjudication,ClaimsCore,approval,Task Completed,Completed
E-000000577,C-0000069,Payment Processing,2025-07-25 19:38:25.584663238,13.09,U-0006,Payment Operations,PaymentHub,payment_processing,Task Completed,Pending
E-000000578,C-0000070,Claim Received,2025-07-09 06:26:51.898028478,2.57,U-0018,Intake Operations,ClaimsCore,claim_received,Case Created,Completed
E-000000579,C-0000070,Eligibility Check,2025-07-09 06:35:45.237938440,10.48,U-0059,Eligibility Operations,Member360,eligibility_check,Task Completed,Completed
E-000000580,C-0000070,Document Intake,2025-07-09 09:52:56.290301534,9.98,U-0069,Intake Operations,DocuScan,document_intake,Task Completed,Completed
E-000000581,C-0000070,Document Review,2025-07-09 20:54:45.906857049,21.25,U-0025,Claims Adjudication,DocuScan,document_review,Task Completed,Completed
E-000000582,C-0000070,Medical Necessity Review,2025-07-10 16:19:55.769442509,70.3,U-0041,Clinical Review,PolicyRules,medical_necessity_review,Task Completed,Completed
E-000000583,C-0000070,Nurse Review,2025-07-11 04:31:46.206762830,33.86,U-0047,Clinical Review,PolicyRules,nurse_review,Task Completed,Completed
E-000000584,C-0000070,Medical Director Review,2025-07-12 02:09:50.185418422,254.08,U-0062,Medical Directors,PolicyRules,medical_director_review,Task Completed,Completed
E-000000585,C-0000070,Approval,2025-07-12 09:13:16.565150987,18.96,U-0073,Claims Adjudication,ClaimsCore,approval,Task Completed,Pending
E-000000586,C-0000071,Claim Received,2025-07-02 13:49:04.761105663,4.03,U-0052,Intake Operations,ClaimsCore,claim_received,Case Created,Completed
E-000000587,C-0000071,Eligibility Check,2025-07-02 14:42:00.590420702,14.76,U-0059,Eligibility Operations,Member360,eligibility_check,Task Completed,Completed
E-000000588,C-0000071,Document Intake,2025-07-02 16:36:15.560103249,7.55,U-0086,Intake Operations,DocuScan,document_intake,Task Completed,Completed
E-000000589,C-0000071,Document Review,2025-07-02 20:27:12.047740214,27.79,U-0064,Claims Adjudication,DocuScan,document_review,Task Completed,Completed
E-000000590,C-0000071,Medical Necessity Review,2025-07-03 07:34:22.480904130,93.51,U-0082,Clinical Review,PolicyRules,medical_necessity_review,Task Completed,Completed
E-000000591,C-0000071,Nurse Review,2025-07-03 10:26:35.114748904,67.61,U-0048,Clinical Review,PolicyRules,nurse_review,Task Completed,Completed
E-000000592,C-0000071,Denial,2025-07-03 12:51:44.273291959,21.44,U-0092,Claims Adjudication,ClaimsCore,denial,Task Completed,Completed
E-000000593,C-0000071,Case Closed,2025-07-03 13:30:09.382864954,5.08,U-0043,Claims Adjudication,ClaimsCore,case_closed,Case Completed,Closed
E-000000594,C-0000072,Claim Received,2025-09-27 02:50:19.459042750,3.53,U-0028,Intake Operations,ClaimsCore,claim_received,Case Created,Completed
E-000000595,C-0000072,Eligibility Check,2025-09-27 03:21:48.925637147,16.56,U-0036,Eligibility Operations,Member360,eligibility_check,Task Completed,Completed
E-000000596,C-0000072,Document Intake,2025-09-27 04:06:07.415262767,11.82,U-0099,Intake Operations,DocuScan,document_intake,Task Completed,Completed
E-000000597,C-0000072,Document Review,2025-09-27 07:51:49.033012437,32.06,U-0073,Claims Adjudication,DocuScan,document_review,Task Completed,Completed
E-000000598,C-0000072,Medical Necessity Review,2025-09-27 13:40:03.263225677,91.99,U-0094,Clinical Review,PolicyRules,medical_necessity_review,Task Completed,Completed
E-000000599,C-0000072,Nurse Review,2025-09-28 02:32:21.501334750,102.48,U-0082,Clinical Review,PolicyRules,nurse_review,Task Completed,Completed
E-000000600,C-0000072,Medical Director Review,2025-09-28 09:06:43.108697926,95.56,U-0038,Medical Directors,PolicyRules,medical_director_review,Task Completed,Completed
E-000000601,C-0000072,Approval,2025-09-28 12:47:58.184355470,7.08,U-0055,Claims Adjudication,ClaimsCore,approval,Task Completed,Completed
E-000000602,C-0000072,Payment Processing,2025-09-28 18:25:47.212859266,17.95,U-0012,Payment Operations,PaymentHub,payment_processing,Task Completed,Completed
E-000000603,C-0000072,Case Closed,2025-09-28 19:01:09.758454713,6.83,U-0021,Claims Adjudication,ClaimsCore,case_closed,Case Completed,Closed
E-000000604,C-0000073,Claim Received,2025-07-17 10:37:12.119090989,4.22,U-0052,Intake Operations,ClaimsCore,claim_received,Case Created,Completed
E-000000605,C-0000073,Eligibility Check,2025-07-17 11:06:38.032438872,4.9,U-0029,Eligibility Operations,Member360,eligibility_check,Task Completed,Completed
E-000000606,C-0000073,Document Intake,2025-07-17 12:06:37.267437391,4.98,U-0085,Intake Operations,DocuScan,document_intake,Task Completed,Completed
E-000000607,C-0000073,Document Review,2025-07-17 14:51:50.982776916,45.0,U-0081,Claims Adjudication,DocuScan,document_review,Task Completed,Completed
E-000000608,C-0000073,Medical Necessity Review,2025-07-17 22:42:26.718336641,53.46,U-0041,Clinical Review,PolicyRules,medical_necessity_review,Task Completed,Completed
E-000000609,C-0000073,Nurse Review,2025-07-18 04:13:24.725844490,45.23,U-0095,Clinical Review,PolicyRules,nurse_review,Task Completed,Completed
E-000000610,C-0000073,Medical Director Review,2025-07-18 15:23:25.291119751,177.5,U-0062,Medical Directors,PolicyRules,medical_director_review,Task Completed,Completed
E-000000611,C-0000073,Approval,2025-07-18 18:55:32.567453152,11.49,U-0004,Claims Adjudication,ClaimsCore,approval,Task Completed,Completed
E-000000612,C-0000073,Payment Processing,2025-07-19 03:57:35.088923749,22.19,U-0012,Payment Operations,PaymentHub,payment_processing,Task Completed,Completed
E-000000613,C-0000073,Case Closed,2025-07-19 04:22:08.141196554,7.06,U-0073,Claims Adjudication,ClaimsCore,case_closed,Case Completed,Closed
E-000000614,C-0000074,Claim Received,2025-12-23 13:29:49.984160203,1.82,U-0052,Intake Operations,ClaimsCore,claim_received,Case Created,Completed
E-000000615,C-0000074,Eligibility Check,2025-12-23 14:08:15.026512003,7.72,U-0029,Eligibility Operations,Member360,eligibility_check,Task Completed,Completed
E-000000616,C-0000074,Member Info Correction,2025-12-23 15:46:23.856016656,14.56,U-0071,Eligibility Operations,Member360,member_info_correction,Task Completed,Completed
E-000000617,C-0000074,Eligibility Check,2025-12-23 17:45:50.469475286,9.84,U-0089,Eligibility Operations,Member360,eligibility_check,Task Completed,Completed
E-000000618,C-0000074,Document Intake,2025-12-23 19:14:21.201824953,13.2,U-0098,Intake Operations,DocuScan,document_intake,Task Completed,Completed
E-000000619,C-0000074,Document Review,2025-12-23 21:41:52.871552920,68.67,U-0049,Claims Adjudication,DocuScan,document_review,Task Completed,Completed
E-000000620,C-0000074,Medical Necessity Review,2025-12-24 05:46:32.307431467,48.3,U-0057,Clinical Review,PolicyRules,medical_necessity_review,Task Completed,Completed
E-000000621,C-0000074,Nurse Review,2025-12-24 08:18:54.242748230,60.94,U-0068,Clinical Review,PolicyRules,nurse_review,Task Completed,Completed
E-000000622,C-0000074,Medical Director Review,2025-12-24 20:54:25.765146030,134.15,U-0088,Medical Directors,PolicyRules,medical_director_review,Task Completed,Completed
E-000000623,C-0000074,Denial,2025-12-25 04:45:54.371274213,10.68,U-0061,Claims Adjudication,ClaimsCore,denial,Task Completed,Completed
E-000000624,C-0000074,Case Closed,2025-12-25 05:53:01.244839216,5.3,U-0092,Claims Adjudication,ClaimsCore,case_closed,Case Completed,Closed
E-000000625,C-0000075,Claim Received,2025-08-14 18:58:47.999157487,2.61,U-0086,Intake Operations,ClaimsCore,claim_received,Case Created,Completed
E-000000626,C-0000075,Eligibility Check,2025-08-14 19:32:25.926179523,8.56,U-0036,Eligibility Operations,Member360,eligibility_check,Task Completed,Completed
E-000000627,C-0000075,Document Intake,2025-08-14 20:23:38.681786969,4.54,U-0060,Intake Operations,DocuScan,document_intake,Task Completed,Completed
E-000000628,C-0000075,Document Review,2025-08-15 01:36:57.405423402,46.01,U-0031,Claims Adjudication,DocuScan,document_review,Task Completed,Completed
E-000000629,C-0000075,Provider Clarification,2025-08-15 03:24:57.711105938,44.46,U-0063,Provider Services,ProviderPortal,provider_clarification,Task Completed,Completed
E-000000630,C-0000075,Document Review,2025-08-15 09:46:39.945990828,29.34,U-0004,Claims Adjudication,DocuScan,document_review,Task Completed,Completed
E-000000631,C-0000075,Approval,2025-08-15 10:56:50.578906473,13.94,U-0025,Claims Adjudication,ClaimsCore,approval,Task Completed,Completed
E-000000632,C-0000075,Payment Processing,2025-08-15 12:37:40.246027910,12.95,U-0024,Payment Operations,PaymentHub,payment_processing,Task Completed,Completed
E-000000633,C-0000075,Case Closed,2025-08-15 13:15:56.664906960,3.28,U-0045,Claims Adjudication,ClaimsCore,case_closed,Case Completed,Closed
E-000000634,C-0000076,Claim Received,2025-10-28 09:53:53.085400799,2.82,U-0099,Intake Operations,ClaimsCore,claim_received,Case Created,Completed
E-000000635,C-0000076,Eligibility Check,2025-10-28 10:14:39.638554505,6.32,U-0059,Eligibility Operations,Member360,eligibility_check,Task Completed,Completed
E-000000636,C-0000076,Document Intake,2025-10-28 11:10:00.893466825,6.15,U-0085,Intake Operations,DocuScan,document_intake,Task Completed,Completed
E-000000637,C-0000076,Document Review,2025-10-28 15:34:45.425863552,40.81,U-0049,Claims Adjudication,DocuScan,document_review,Task Completed,Completed
E-000000638,C-0000076,Approval,2025-10-28 17:48:47.187189466,16.17,U-0055,Claims Adjudication,ClaimsCore,approval,Task Completed,Completed
E-000000639,C-0000076,Payment Processing,2025-10-28 19:35:27.967245119,15.84,U-0024,Payment Operations,PaymentHub,payment_processing,Task Completed,Completed
E-000000640,C-0000076,Case Closed,2025-10-28 20:11:18.947577983,6.16,U-0014,Claims Adjudication,ClaimsCore,case_closed,Case Completed,Closed
E-000000641,C-0000077,Claim Received,2025-11-01 06:00:50.155223350,4.1,U-0018,Intake Operations,ClaimsCore,claim_received,Case Created,Completed
E-000000642,C-0000077,Eligibility Check,2025-11-01 06:20:10.990614006,29.72,U-0071,Eligibility Operations,Member360,eligibility_check,Task Completed,Completed
E-000000643,C-0000077,Document Intake,2025-11-01 07:13:54.233095074,6.99,U-0060,Intake Operations,DocuScan,document_intake,Task Completed,Completed
E-000000644,C-0000077,Document Review,2025-11-01 07:53:54.915778302,36.48,U-0049,Claims Adjudication,DocuScan,document_review,Task Completed,Completed
E-000000645,C-0000077,Provider Clarification,2025-11-01 22:45:25.273127078,18.73,U-0067,Provider Services,ProviderPortal,provider_clarification,Task Completed,Completed
E-000000646,C-0000077,Document Review,2025-11-02 05:03:29.117722915,23.19,U-0042,Claims Adjudication,DocuScan,document_review,Task Completed,Completed
E-000000647,C-0000077,Medical Necessity Review,2025-11-02 10:37:44.976637347,129.24,U-0047,Clinical Review,PolicyRules,medical_necessity_review,Task Completed,Completed
E-000000648,C-0000077,Nurse Review,2025-11-02 17:08:13.149100254,74.26,U-0034,Clinical Review,PolicyRules,nurse_review,Task Completed,Completed
E-000000649,C-0000077,Denial,2025-11-02 18:48:35.943914365,17.36,U-0046,Claims Adjudication,ClaimsCore,denial,Task Completed,Completed
E-000000650,C-0000077,Case Closed,2025-11-02 19:33:58.742021106,4.39,U-0021,Claims Adjudication,ClaimsCore,case_closed,Case Completed,Closed
E-000000651,C-0000078,Claim Received,2025-09-29 16:18:20.541718456,4.89,U-0086,Intake Operations,ClaimsCore,claim_received,Case Created,Completed
E-000000652,C-0000078,Eligibility Check,2025-09-29 17:26:53.197897475,12.4,U-0009,Eligibility Operations,Member360,eligibility_check,Task Completed,Completed
E-000000653,C-0000078,Document Intake,2025-09-29 18:51:45.623955455,5.87,U-0018,Intake Operations,DocuScan,document_intake,Task Completed,Completed
E-000000654,C-0000078,Document Review,2025-09-29 19:27:28.013726904,50.37,U-0054,Claims Adjudication,DocuScan,document_review,Task Completed,Completed
E-000000655,C-0000078,Approval,2025-09-29 21:23:10.209821960,22.6,U-0008,Claims Adjudication,ClaimsCore,approval,Task Completed,Completed
E-000000656,C-0000078,Payment Processing,2025-09-30 00:55:39.302441635,12.74,U-0100,Payment Operations,PaymentHub,payment_processing,Task Completed,Completed
E-000000657,C-0000078,Case Closed,2025-09-30 01:45:48.699069801,4.51,U-0025,Claims Adjudication,ClaimsCore,case_closed,Case Completed,Closed
E-000000658,C-0000079,Claim Received,2025-12-09 16:51:19.942928928,3.38,U-0098,Intake Operations,ClaimsCore,claim_received,Case Created,Completed
E-000000659,C-0000079,Eligibility Check,2025-12-09 16:59:46.077845821,3.72,U-0089,Eligibility Operations,Member360,eligibility_check,Task Completed,Completed
E-000000660,C-0000079,Document Intake,2025-12-09 17:27:21.025060284,9.65,U-0018,Intake Operations,DocuScan,document_intake,Task Completed,Completed
E-000000661,C-0000079,Document Review,2025-12-09 18:55:09.958349925,35.75,U-0046,Claims Adjudication,DocuScan,document_review,Task Completed,Completed
E-000000662,C-0000079,Medical Necessity Review,2025-12-09 22:47:00.066555827,59.73,U-0072,Clinical Review,PolicyRules,medical_necessity_review,Task Completed,Completed
E-000000663,C-0000079,Nurse Review,2025-12-10 01:54:19.408284139,100.74,U-0082,Clinical Review,PolicyRules,nurse_review,Task Completed,Completed
E-000000664,C-0000079,Medical Director Review,2025-12-10 10:29:33.607849749,136.02,U-0090,Medical Directors,PolicyRules,medical_director_review,Task Completed,Completed
E-000000665,C-0000079,Approval,2025-12-10 13:47:51.789879358,12.27,U-0073,Claims Adjudication,ClaimsCore,approval,Task Completed,Completed
E-000000666,C-0000079,Payment Processing,2025-12-10 14:43:39.234070804,10.02,U-0023,Payment Operations,PaymentHub,payment_processing,Task Completed,Completed
E-000000667,C-0000079,Case Closed,2025-12-10 14:57:41.670532048,4.86,U-0021,Claims Adjudication,ClaimsCore,case_closed,Case Completed,Closed
E-000000668,C-0000080,Claim Received,2025-07-21 06:20:44.387192394,4.12,U-0099,Intake Operations,ClaimsCore,claim_received,Case Created,Completed
E-000000669,C-0000080,Eligibility Check,2025-07-21 06:48:53.331191006,4.15,U-0074,Eligibility Operations,Member360,eligibility_check,Task Completed,Completed
E-000000670,C-0000080,Document Intake,2025-07-21 08:04:32.929296143,6.08,U-0018,Intake Operations,DocuScan,document_intake,Task Completed,Completed
E-000000671,C-0000080,Document Review,2025-07-21 10:58:44.641989136,26.11,U-0030,Claims Adjudication,DocuScan,document_review,Task Completed,Completed
E-000000672,C-0000080,Approval,2025-07-21 12:43:30.887136495,8.74,U-0019,Claims Adjudication,ClaimsCore,approval,Task Completed,Completed
E-000000673,C-0000080,Payment Processing,2025-07-21 14:08:56.072720489,17.85,U-0032,Payment Operations,PaymentHub,payment_processing,Task Completed,Completed
E-000000674,C-0000080,Case Closed,2025-07-21 14:53:47.956401526,9.71,U-0061,Claims Adjudication,ClaimsCore,case_closed,Case Completed,Closed
E-000000675,C-0000081,Claim Received,2025-08-12 19:53:08.430450211,4.29,U-0075,Intake Operations,ClaimsCore,claim_received,Case Created,Completed
E-000000676,C-0000081,Eligibility Check,2025-08-12 20:15:22.040907322,11.28,U-0091,Eligibility Operations,Member360,eligibility_check,Task Completed,Completed
E-000000677,C-0000081,Document Intake,2025-08-12 22:23:11.956569152,9.36,U-0085,Intake Operations,DocuScan,document_intake,Task Completed,Completed
E-000000678,C-0000081,Document Review,2025-08-13 01:21:03.078815335,30.09,U-0008,Claims Adjudication,DocuScan,document_review,Task Completed,Completed
E-000000679,C-0000081,Medical Necessity Review,2025-08-13 04:24:01.311637880,59.87,U-0002,Clinical Review,PolicyRules,medical_necessity_review,Task Completed,Completed
E-000000680,C-0000081,Nurse Review,2025-08-13 16:33:17.825719604,37.27,U-0044,Clinical Review,PolicyRules,nurse_review,Task Completed,Completed
E-000000681,C-0000081,Medical Director Review,2025-08-14 19:55:53.538900532,69.03,U-0090,Medical Directors,PolicyRules,medical_director_review,Task Completed,Completed
E-000000682,C-0000081,Approval,2025-08-14 22:13:04.809616553,7.58,U-0030,Claims Adjudication,ClaimsCore,approval,Task Completed,Completed
E-000000683,C-0000081,Payment Processing,2025-08-14 23:09:31.424336949,38.91,U-0024,Payment Operations,PaymentHub,payment_processing,Task Completed,Completed
E-000000684,C-0000081,Case Closed,2025-08-15 00:42:04.221810421,2.94,U-0061,Claims Adjudication,ClaimsCore,case_closed,Case Completed,Closed
E-000000685,C-0000082,Claim Received,2025-08-16 04:46:29.317134017,4.28,U-0060,Intake Operations,ClaimsCore,claim_received,Case Created,Completed
E-000000686,C-0000082,Eligibility Check,2025-08-16 05:18:51.820537704,12.98,U-0051,Eligibility Operations,Member360,eligibility_check,Task Completed,Completed
E-000000687,C-0000082,Document Intake,2025-08-16 05:42:49.235070939,11.18,U-0099,Intake Operations,DocuScan,document_intake,Task Completed,Completed
E-000000688,C-0000082,Document Review,2025-08-16 13:02:49.686048182,29.24,U-0014,Claims Adjudication,DocuScan,document_review,Task Completed,Completed
E-000000689,C-0000082,Medical Necessity Review,2025-08-17 01:23:32.164616733,119.78,U-0070,Clinical Review,PolicyRules,medical_necessity_review,Task Completed,Completed
E-000000690,C-0000082,Nurse Review,2025-08-17 10:44:22.096484107,66.56,U-0048,Clinical Review,PolicyRules,nurse_review,Task Completed,Completed
E-000000691,C-0000082,Medical Director Review,2025-08-18 03:53:30.737843378,149.28,U-0027,Medical Directors,PolicyRules,medical_director_review,Task Completed,Completed
E-000000692,C-0000082,Denial,2025-08-18 11:24:14.147642797,24.45,U-0040,Claims Adjudication,ClaimsCore,denial,Task Completed,Completed
E-000000693,C-0000082,Case Closed,2025-08-18 11:50:41.362875704,8.55,U-0056,Claims Adjudication,ClaimsCore,case_closed,Case Completed,Closed
E-000000694,C-0000083,Claim Received,2025-07-25 18:45:55.743354028,5.35,U-0028,Intake Operations,ClaimsCore,claim_received,Case Created,Completed
E-000000695,C-0000083,Eligibility Check,2025-07-25 19:46:46.473431215,16.58,U-0036,Eligibility Operations,Member360,eligibility_check,Task Completed,Completed
E-000000696,C-0000083,Document Intake,2025-07-25 20:21:13.790124175,7.56,U-0099,Intake Operations,DocuScan,document_intake,Task Completed,Completed
E-000000697,C-0000083,Document Review,2025-07-25 22:16:59.509509245,29.37,U-0019,Claims Adjudication,DocuScan,document_review,Task Completed,Completed
E-000000698,C-0000083,Medical Necessity Review,2025-07-26 06:55:47.999363874,85.74,U-0011,Clinical Review,PolicyRules,medical_necessity_review,Task Completed,Completed
E-000000699,C-0000083,Nurse Review,2025-07-26 15:12:03.946700521,43.19,U-0044,Clinical Review,PolicyRules,nurse_review,Task Completed,Completed
E-000000700,C-0000083,Medical Director Review,2025-07-27 20:54:32.366931693,207.05,U-0062,Medical Directors,PolicyRules,medical_director_review,Task Completed,Completed
E-000000701,C-0000083,Approval,2025-07-28 01:09:09.667215172,12.27,U-0003,Claims Adjudication,ClaimsCore,approval,Task Completed,Completed
E-000000702,C-0000083,Payment Processing,2025-07-28 02:32:42.120890637,12.13,U-0006,Payment Operations,PaymentHub,payment_processing,Task Completed,Completed
E-000000703,C-0000083,Case Closed,2025-07-28 02:51:40.565641961,8.19,U-0081,Claims Adjudication,ClaimsCore,case_closed,Case Completed,Closed
E-000000704,C-0000084,Claim Received,2025-08-23 22:42:03.530177445,2.29,U-0005,Intake Operations,ClaimsCore,claim_received,Case Created,Completed
E-000000705,C-0000084,Eligibility Check,2025-08-24 00:13:48.519796386,11.18,U-0050,Eligibility Operations,Member360,eligibility_check,Task Completed,Completed
E-000000706,C-0000084,Document Intake,2025-08-24 01:18:23.886977170,7.34,U-0098,Intake Operations,DocuScan,document_intake,Task Completed,Completed
E-000000707,C-0000084,Document Review,2025-08-24 05:32:12.715017420,68.04,U-0087,Claims Adjudication,DocuScan,document_review,Task Completed,Completed
E-000000708,C-0000084,Medical Necessity Review,2025-08-24 14:16:20.893003705,151.81,U-0076,Clinical Review,PolicyRules,medical_necessity_review,Task Completed,Completed
E-000000709,C-0000084,Denial,2025-08-24 20:01:47.280771173,33.21,U-0054,Claims Adjudication,ClaimsCore,denial,Task Completed,Completed
E-000000710,C-0000084,Case Closed,2025-08-24 20:56:07.784993092,5.6,U-0046,Claims Adjudication,ClaimsCore,case_closed,Case Completed,Closed
E-000000711,C-0000085,Claim Received,2025-08-27 05:24:46.949665112,3.09,U-0075,Intake Operations,ClaimsCore,claim_received,Case Created,Completed
E-000000712,C-0000085,Eligibility Check,2025-08-27 07:22:53.940180529,10.72,U-0074,Eligibility Operations,Member360,eligibility_check,Task Completed,Completed
E-000000713,C-0000085,Document Intake,2025-08-27 08:15:37.900102558,6.36,U-0052,Intake Operations,DocuScan,document_intake,Task Completed,Completed
E-000000714,C-0000085,Document Review,2025-08-27 09:15:16.194544702,43.16,U-0001,Claims Adjudication,DocuScan,document_review,Task Completed,Completed
E-000000715,C-0000085,Medical Necessity Review,2025-08-27 17:31:54.411692366,74.53,U-0082,Clinical Review,PolicyRules,medical_necessity_review,Task Completed,Completed
E-000000716,C-0000085,Nurse Review,2025-08-28 08:11:04.454370843,56.99,U-0002,Clinical Review,PolicyRules,nurse_review,Task Completed,Completed
E-000000717,C-0000085,Approval,2025-08-28 09:59:27.949473546,15.73,U-0004,Claims Adjudication,ClaimsCore,approval,Task Completed,Completed
E-000000718,C-0000085,Payment Processing,2025-08-28 18:11:25.239544025,21.34,U-0023,Payment Operations,PaymentHub,payment_processing,Task Completed,Completed
E-000000719,C-0000085,Case Closed,2025-08-28 18:58:07.917705547,5.01,U-0056,Claims Adjudication,ClaimsCore,case_closed,Case Completed,Closed
E-000000720,C-0000086,Claim Received,2025-11-17 23:03:46.173930675,3.39,U-0052,Intake Operations,ClaimsCore,claim_received,Case Created,Completed
E-000000721,C-0000086,Eligibility Check,2025-11-17 23:14:33.804940118,17.26,U-0036,Eligibility Operations,Member360,eligibility_check,Task Completed,Completed
E-000000722,C-0000086,Document Intake,2025-11-18 00:02:58.262562173,6.9,U-0099,Intake Operations,DocuScan,document_intake,Task Completed,Completed
E-000000723,C-0000086,Document Review,2025-11-18 07:06:17.834736745,66.54,U-0056,Claims Adjudication,DocuScan,document_review,Task Completed,Completed
E-000000724,C-0000086,Medical Necessity Review,2025-11-18 15:56:45.893147936,116.5,U-0094,Clinical Review,PolicyRules,medical_necessity_review,Task Completed,Completed
E-000000725,C-0000086,Nurse Review,2025-11-18 22:09:04.416619445,29.0,U-0072,Clinical Review,PolicyRules,nurse_review,Task Completed,Completed
E-000000726,C-0000086,Medical Director Review,2025-11-19 07:54:42.190026483,145.18,U-0027,Medical Directors,PolicyRules,medical_director_review,Task Completed,Completed
E-000000727,C-0000086,Approval,2025-11-19 10:30:08.703426035,16.68,U-0054,Claims Adjudication,ClaimsCore,approval,Task Completed,Completed
E-000000728,C-0000086,Payment Processing,2025-11-19 14:15:24.773976359,18.13,U-0100,Payment Operations,PaymentHub,payment_processing,Task Completed,Completed
E-000000729,C-0000086,Case Closed,2025-11-19 14:42:41.781049768,5.55,U-0056,Claims Adjudication,ClaimsCore,case_closed,Case Completed,Closed
E-000000730,C-0000087,Claim Received,2025-08-25 04:46:38.640300533,4.55,U-0075,Intake Operations,ClaimsCore,claim_received,Case Created,Completed
E-000000731,C-0000087,Eligibility Check,2025-08-25 05:07:58.366355992,7.41,U-0029,Eligibility Operations,Member360,eligibility_check,Task Completed,Completed
E-000000732,C-0000087,Document Intake,2025-08-25 05:41:15.676108399,6.33,U-0018,Intake Operations,DocuScan,document_intake,Task Completed,Completed
E-000000733,C-0000087,Document Review,2025-08-25 07:24:29.031738486,57.7,U-0045,Claims Adjudication,DocuScan,document_review,Task Completed,Completed
E-000000734,C-0000087,Approval,2025-08-25 11:24:19.814074812,13.07,U-0014,Claims Adjudication,ClaimsCore,approval,Task Completed,Completed
E-000000735,C-0000087,Payment Processing,2025-08-25 13:31:01.884951287,14.16,U-0100,Payment Operations,PaymentHub,payment_processing,Task Completed,Completed
E-000000736,C-0000087,Case Closed,2025-08-25 14:05:44.869405510,5.94,U-0014,Claims Adjudication,ClaimsCore,case_closed,Case Completed,Closed
E-000000737,C-0000088,Claim Received,2025-12-08 10:33:38.323342503,13.67,U-0099,Intake Operations,ClaimsCore,claim_received,Case Created,Completed
E-000000738,C-0000088,Eligibility Check,2025-12-08 11:06:44.905522688,5.01,U-0084,Eligibility Operations,Member360,eligibility_check,Task Completed,Completed
E-000000739,C-0000088,Document Intake,2025-12-08 11:16:15.589193891,7.92,U-0099,Intake Operations,DocuScan,document_intake,Task Completed,Completed
E-000000740,C-0000088,Document Review,2025-12-08 12:35:49.765438786,50.39,U-0014,Claims Adjudication,DocuScan,document_review,Task Completed,Completed
E-000000741,C-0000088,Denial,2025-12-08 15:13:50.797065165,15.13,U-0056,Claims Adjudication,ClaimsCore,denial,Task Completed,Completed
E-000000742,C-0000088,Case Closed,2025-12-08 15:32:24.688977871,6.18,U-0004,Claims Adjudication,ClaimsCore,case_closed,Case Completed,Closed
E-000000743,C-0000089,Claim Received,2025-11-19 09:38:45.899914865,5.51,U-0069,Intake Operations,ClaimsCore,claim_received,Case Created,Completed
E-000000744,C-0000089,Eligibility Check,2025-11-19 09:53:36.697431309,7.21,U-0091,Eligibility Operations,Member360,eligibility_check,Task Completed,Completed
E-000000745,C-0000089,Document Intake,2025-11-19 10:45:42.321321128,6.82,U-0099,Intake Operations,DocuScan,document_intake,Task Completed,Completed
E-000000746,C-0000089,Document Review,2025-11-19 17:16:58.895124680,32.41,U-0080,Claims Adjudication,DocuScan,document_review,Task Completed,Completed
E-000000747,C-0000089,Medical Necessity Review,2025-11-20 19:52:30.150465907,46.04,U-0002,Clinical Review,PolicyRules,medical_necessity_review,Task Completed,Completed
E-000000748,C-0000089,Nurse Review,2025-11-21 00:01:15.736546612,64.81,U-0094,Clinical Review,PolicyRules,nurse_review,Task Completed,Completed
E-000000749,C-0000089,Medical Director Review,2025-11-22 06:06:35.167138624,423.77,U-0035,Medical Directors,PolicyRules,medical_director_review,Task Completed,Completed
E-000000750,C-0000089,Approval,2025-11-22 15:28:13.753230012,9.23,U-0003,Claims Adjudication,ClaimsCore,approval,Task Completed,Completed
E-000000751,C-0000089,Payment Processing,2025-11-22 16:08:13.312174865,17.11,U-0100,Payment Operations,PaymentHub,payment_processing,Task Completed,Completed
E-000000752,C-0000089,Case Closed,2025-11-22 16:26:37.256973715,3.82,U-0046,Claims Adjudication,ClaimsCore,case_closed,Case Completed,Closed
E-000000753,C-0000090,Claim Received,2025-12-13 00:03:49.799883305,3.23,U-0098,Intake Operations,ClaimsCore,claim_received,Case Created,Completed
E-000000754,C-0000090,Eligibility Check,2025-12-13 00:29:25.347350972,9.58,U-0074,Eligibility Operations,Member360,eligibility_check,Task Completed,Completed
E-000000755,C-0000090,Document Intake,2025-12-13 01:41:41.805470672,13.11,U-0086,Intake Operations,DocuScan,document_intake,Task Completed,Completed
E-000000756,C-0000090,Document Review,2025-12-13 07:23:23.743862949,80.93,U-0040,Claims Adjudication,DocuScan,document_review,Task Completed,Completed
E-000000757,C-0000090,Approval,2025-12-13 09:23:48.197689734,8.59,U-0030,Claims Adjudication,ClaimsCore,approval,Task Completed,Completed
E-000000758,C-0000090,Payment Processing,2025-12-13 11:46:48.678751689,32.23,U-0006,Payment Operations,PaymentHub,payment_processing,Task Completed,Completed
E-000000759,C-0000090,Case Closed,2025-12-13 12:50:36.792006052,8.09,U-0081,Claims Adjudication,ClaimsCore,case_closed,Case Completed,Closed
E-000000760,C-0000091,Claim Received,2025-07-20 06:10:13.615299455,3.72,U-0005,Intake Operations,ClaimsCore,claim_received,Case Created,Completed
E-000000761,C-0000091,Eligibility Check,2025-07-20 06:44:35.904625486,7.57,U-0071,Eligibility Operations,Member360,eligibility_check,Task Completed,Completed
E-000000762,C-0000091,Document Intake,2025-07-20 07:17:35.527087400,10.02,U-0069,Intake Operations,DocuScan,document_intake,Task Completed,Completed
E-000000763,C-0000091,Document Review,2025-07-20 10:00:55.196315908,39.45,U-0021,Claims Adjudication,DocuScan,document_review,Task Completed,Completed
E-000000764,C-0000091,Denial,2025-07-20 14:36:49.377893595,13.86,U-0056,Claims Adjudication,ClaimsCore,denial,Task Completed,Completed
E-000000765,C-0000091,Case Closed,2025-07-20 15:45:17.663186219,7.95,U-0083,Claims Adjudication,ClaimsCore,case_closed,Case Completed,Closed
E-000000766,C-0000092,Claim Received,2025-12-28 04:18:57.407443331,4.19,U-0018,Intake Operations,ClaimsCore,claim_received,Case Created,Completed
E-000000767,C-0000092,Eligibility Check,2025-12-28 04:29:42.819248280,6.22,U-0039,Eligibility Operations,Member360,eligibility_check,Task Completed,Completed
E-000000768,C-0000092,Document Intake,2025-12-28 04:59:37.350144852,9.62,U-0085,Intake Operations,DocuScan,document_intake,Task Completed,Completed
E-000000769,C-0000092,Document Review,2025-12-28 07:08:38.234929009,39.88,U-0019,Claims Adjudication,DocuScan,document_review,Task Completed,Completed
E-000000770,C-0000092,Provider Clarification,2025-12-28 22:09:11.234046889,13.66,U-0063,Provider Services,ProviderPortal,provider_clarification,Task Completed,Completed
E-000000771,C-0000092,Document Review,2025-12-29 07:05:48.132196070,37.37,U-0049,Claims Adjudication,DocuScan,document_review,Task Completed,Completed
E-000000772,C-0000092,Medical Necessity Review,2025-12-29 15:54:58.603932547,75.07,U-0022,Clinical Review,PolicyRules,medical_necessity_review,Task Completed,Completed
E-000000773,C-0000092,Approval,2025-12-29 17:35:12.365401144,7.43,U-0043,Claims Adjudication,ClaimsCore,approval,Task Completed,Completed
E-000000774,C-0000092,Payment Processing,2025-12-29 20:14:19.662497096,18.23,U-0032,Payment Operations,PaymentHub,payment_processing,Task Completed,Completed
E-000000775,C-0000092,Case Closed,2025-12-29 20:44:41.624681881,9.84,U-0073,Claims Adjudication,ClaimsCore,case_closed,Case Completed,Closed
E-000000776,C-0000093,Claim Received,2025-10-21 08:33:58.163501840,4.17,U-0060,Intake Operations,ClaimsCore,claim_received,Case Created,Completed
E-000000777,C-0000093,Eligibility Check,2025-10-21 09:01:36.038215916,11.6,U-0071,Eligibility Operations,Member360,eligibility_check,Task Completed,Completed
E-000000778,C-0000093,Document Intake,2025-10-21 09:33:58.960059124,10.45,U-0069,Intake Operations,DocuScan,document_intake,Task Completed,Completed
E-000000779,C-0000093,Document Review,2025-10-21 11:11:46.183821888,137.82,U-0049,Claims Adjudication,DocuScan,document_review,Task Completed,Completed
E-000000780,C-0000093,Provider Clarification,2025-10-21 16:47:23.480362645,37.46,U-0017,Provider Services,ProviderPortal,provider_clarification,Task Completed,Completed
E-000000781,C-0000093,Document Review,2025-10-21 21:28:12.297747628,64.98,U-0007,Claims Adjudication,DocuScan,document_review,Task Completed,Completed
E-000000782,C-0000093,Medical Necessity Review,2025-10-22 00:22:51.093055132,158.53,U-0044,Clinical Review,PolicyRules,medical_necessity_review,Task Completed,Completed
E-000000783,C-0000093,Nurse Review,2025-10-22 10:31:29.804763506,82.09,U-0048,Clinical Review,PolicyRules,nurse_review,Task Completed,Completed
E-000000784,C-0000093,Denial,2025-10-22 13:22:26.347913630,15.65,U-0003,Claims Adjudication,ClaimsCore,denial,Task Completed,Completed
E-000000785,C-0000093,Case Closed,2025-10-22 14:10:30.336364908,2.4,U-0045,Claims Adjudication,ClaimsCore,case_closed,Case Completed,Closed
E-000000786,C-0000094,Claim Received,2025-12-27 18:34:08.555638056,3.41,U-0098,Intake Operations,ClaimsCore,claim_received,Case Created,Completed
E-000000787,C-0000094,Eligibility Check,2025-12-27 18:45:37.936160109,5.78,U-0071,Eligibility Operations,Member360,eligibility_check,Task Completed,Completed
E-000000788,C-0000094,Document Intake,2025-12-27 19:17:13.706786512,7.21,U-0060,Intake Operations,DocuScan,document_intake,Task Completed,Completed
E-000000789,C-0000094,Document Review,2025-12-27 23:34:46.829379345,49.94,U-0031,Claims Adjudication,DocuScan,document_review,Task Completed,Completed
E-000000790,C-0000094,Approval,2025-12-28 02:38:11.227196152,5.89,U-0055,Claims Adjudication,ClaimsCore,approval,Task Completed,Completed
E-000000791,C-0000094,Payment Processing,2025-12-28 05:59:07.235782774,14.35,U-0100,Payment Operations,PaymentHub,payment_processing,Task Completed,Completed
E-000000792,C-0000094,Case Closed,2025-12-28 06:18:47.948630896,4.16,U-0045,Claims Adjudication,ClaimsCore,case_closed,Case Completed,Closed
E-000000793,C-0000095,Claim Received,2025-09-03 22:31:29.850838174,7.71,U-0018,Intake Operations,ClaimsCore,claim_received,Case Created,Completed
E-000000794,C-0000095,Eligibility Check,2025-09-03 22:54:43.742076298,13.26,U-0016,Eligibility Operations,Member360,eligibility_check,Task Completed,Completed
E-000000795,C-0000095,Document Intake,2025-09-03 23:14:20.893811380,10.44,U-0005,Intake Operations,DocuScan,document_intake,Task Completed,Completed
E-000000796,C-0000095,Document Review,2025-09-04 00:30:50.773721359,71.07,U-0025,Claims Adjudication,DocuScan,document_review,Task Completed,Completed
E-000000797,C-0000095,Approval,2025-09-04 03:01:10.957910074,8.69,U-0056,Claims Adjudication,ClaimsCore,approval,Task Completed,Completed
E-000000798,C-0000095,Payment Processing,2025-09-04 04:09:40.409769636,10.45,U-0023,Payment Operations,PaymentHub,payment_processing,Task Completed,Completed
E-000000799,C-0000095,Case Closed,2025-09-04 04:28:47.193811398,4.36,U-0040,Claims Adjudication,ClaimsCore,case_closed,Case Completed,Closed
E-000000800,C-0000096,Claim Received,2025-12-22 09:39:55.963723759,3.5,U-0069,Intake Operations,ClaimsCore,claim_received,Case Created,Completed
E-000000801,C-0000096,Eligibility Check,2025-12-22 09:54:45.040781115,9.47,U-0051,Eligibility Operations,Member360,eligibility_check,Task Completed,Completed
E-000000802,C-0000096,Document Intake,2025-12-22 12:00:36.504979504,9.52,U-0060,Intake Operations,DocuScan,document_intake,Task Completed,Completed
E-000000803,C-0000096,Document Review,2025-12-22 13:00:44.430883534,58.42,U-0080,Claims Adjudication,DocuScan,document_review,Task Completed,Completed
E-000000804,C-0000096,Approval,2025-12-22 15:27:28.380901383,17.83,U-0021,Claims Adjudication,ClaimsCore,approval,Task Completed,Completed
E-000000805,C-0000096,Payment Processing,2025-12-22 16:37:38.741022449,14.3,U-0006,Payment Operations,PaymentHub,payment_processing,Task Completed,Completed
E-000000806,C-0000096,Case Closed,2025-12-22 17:17:49.786560194,6.36,U-0004,Claims Adjudication,ClaimsCore,case_closed,Case Completed,Closed
E-000000807,C-0000097,Claim Received,2025-10-16 17:11:17.046533242,1.62,U-0069,Intake Operations,ClaimsCore,claim_received,Case Created,Completed
E-000000808,C-0000097,Eligibility Check,2025-10-16 17:35:07.828687078,6.69,U-0036,Eligibility Operations,Member360,eligibility_check,Task Completed,Completed
E-000000809,C-0000097,Document Intake,2025-10-16 18:09:54.264366348,14.1,U-0098,Intake Operations,DocuScan,document_intake,Task Completed,Completed
E-000000810,C-0000097,Document Review,2025-10-16 21:35:53.089956548,26.21,U-0073,Claims Adjudication,DocuScan,document_review,Task Completed,Completed
E-000000811,C-0000097,Approval,2025-10-16 22:29:21.124905348,34.55,U-0081,Claims Adjudication,ClaimsCore,approval,Task Completed,Completed
E-000000812,C-0000097,Payment Processing,2025-10-17 02:39:14.488630453,16.65,U-0032,Payment Operations,PaymentHub,payment_processing,Task Completed,Completed
E-000000813,C-0000097,Case Closed,2025-10-17 03:02:44.312361923,7.86,U-0046,Claims Adjudication,ClaimsCore,case_closed,Case Completed,Closed
E-000000814,C-0000098,Claim Received,2025-07-14 03:28:19.990154872,5.15,U-0060,Intake Operations,ClaimsCore,claim_received,Case Created,Completed
E-000000815,C-0000098,Eligibility Check,2025-07-14 03:50:04.178374302,11.12,U-0071,Eligibility Operations,Member360,eligibility_check,Task Completed,Completed
E-000000816,C-0000098,Document Intake,2025-07-14 04:45:35.214578590,8.99,U-0085,Intake Operations,DocuScan,document_intake,Task Completed,Completed
E-000000817,C-0000098,Document Review,2025-07-14 08:55:50.414873167,47.66,U-0081,Claims Adjudication,DocuScan,document_review,Task Completed,Completed
E-000000818,C-0000098,Medical Necessity Review,2025-07-14 21:11:16.562677716,52.92,U-0048,Clinical Review,PolicyRules,medical_necessity_review,Task Completed,Completed
E-000000819,C-0000098,Approval,2025-07-14 22:37:37.221264904,26.39,U-0083,Claims Adjudication,ClaimsCore,approval,Task Completed,Completed
E-000000820,C-0000098,Payment Processing,2025-07-15 00:07:14.854204460,17.37,U-0012,Payment Operations,PaymentHub,payment_processing,Task Completed,Completed
E-000000821,C-0000098,Case Closed,2025-07-15 00:48:29.719164595,2.3,U-0064,Claims Adjudication,ClaimsCore,case_closed,Case Completed,Closed
E-000000822,C-0000099,Claim Received,2025-09-14 01:17:15.012309810,2.51,U-0018,Intake Operations,ClaimsCore,claim_received,Case Created,Completed
E-000000823,C-0000099,Eligibility Check,2025-09-14 01:40:30.231432958,9.12,U-0051,Eligibility Operations,Member360,eligibility_check,Task Completed,Completed
E-000000824,C-0000099,Document Intake,2025-09-14 03:13:58.683052277,8.57,U-0060,Intake Operations,DocuScan,document_intake,Task Completed,Completed
E-000000825,C-0000099,Document Review,2025-09-14 06:05:54.690860393,41.11,U-0055,Claims Adjudication,DocuScan,document_review,Task Completed,Completed
E-000000826,C-0000099,Approval,2025-09-14 07:12:38.767310573,18.22,U-0054,Claims Adjudication,ClaimsCore,approval,Task Completed,Completed
E-000000827,C-0000099,Payment Processing,2025-09-14 11:45:22.202791797,14.58,U-0024,Payment Operations,PaymentHub,payment_processing,Task Completed,Completed
E-000000828,C-0000099,Case Closed,2025-09-14 12:20:50.715328655,4.75,U-0030,Claims Adjudication,ClaimsCore,case_closed,Case Completed,Closed
E-000000829,C-0000100,Claim Received,2025-07-26 05:14:46.987638859,2.6,U-0069,Intake Operations,ClaimsCore,claim_received,Case Created,Completed
E-000000830,C-0000100,Eligibility Check,2025-07-26 06:03:57.205355070,13.1,U-0084,Eligibility Operations,Member360,eligibility_check,Task Completed,Completed
E-000000831,C-0000100,Document Intake,2025-07-26 07:15:27.725680536,5.73,U-0069,Intake Operations,DocuScan,document_intake,Task Completed,Pending
E-000000832,C-0000101,Claim Received,2025-12-20 06:13:45.740476392,4.22,U-0060,Intake Operations,ClaimsCore,claim_received,Case Created,Completed
E-000000833,C-0000101,Eligibility Check,2025-12-20 06:51:48.014684746,12.02,U-0051,Eligibility Operations,Member360,eligibility_check,Task Completed,Completed
E-000000834,C-0000101,Document Intake,2025-12-20 07:20:27.893779638,10.58,U-0098,Intake Operations,DocuScan,document_intake,Task Completed,Completed
E-000000835,C-0000101,Document Review,2025-12-20 10:31:22.814103149,52.84,U-0025,Claims Adjudication,DocuScan,document_review,Task Completed,Completed
E-000000836,C-0000101,Medical Necessity Review,2025-12-20 20:56:17.976207920,84.43,U-0076,Clinical Review,PolicyRules,medical_necessity_review,Task Completed,Completed
E-000000837,C-0000101,Nurse Review,2025-12-21 02:38:27.907257354,65.96,U-0095,Clinical Review,PolicyRules,nurse_review,Task Completed,Completed
E-000000838,C-0000101,Denial,2025-12-21 05:42:57.121264471,21.07,U-0073,Claims Adjudication,ClaimsCore,denial,Task Completed,Completed
E-000000839,C-0000101,Case Closed,2025-12-21 06:28:52.038969015,3.7,U-0061,Claims Adjudication,ClaimsCore,case_closed,Case Completed,Closed
E-000000840,C-0000102,Claim Received,2025-08-25 17:13:29.510251408,6.51,U-0028,Intake Operations,ClaimsCore,claim_received,Case Created,Completed
E-000000841,C-0000102,Eligibility Check,2025-08-25 18:33:51.285044010,13.92,U-0026,Eligibility Operations,Member360,eligibility_check,Task Completed,Completed
E-000000842,C-0000102,Document Intake,2025-08-25 20:06:29.825188718,7.41,U-0060,Intake Operations,DocuScan,document_intake,Task Completed,Completed
E-000000843,C-0000102,Document Review,2025-08-26 04:52:45.971682486,49.52,U-0083,Claims Adjudication,DocuScan,document_review,Task Completed,Completed
E-000000844,C-0000102,Approval,2025-08-26 07:01:35.762748628,17.93,U-0042,Claims Adjudication,ClaimsCore,approval,Task Completed,Completed
E-000000845,C-0000102,Payment Processing,2025-08-26 12:16:31.397524054,14.7,U-0023,Payment Operations,PaymentHub,payment_processing,Task Completed,Completed
E-000000846,C-0000102,Case Closed,2025-08-26 12:37:24.029614452,8.51,U-0021,Claims Adjudication,ClaimsCore,case_closed,Case Completed,Closed
E-000000847,C-0000103,Claim Received,2025-08-10 16:53:30.005379552,2.51,U-0052,Intake Operations,ClaimsCore,claim_received,Case Created,Completed
E-000000848,C-0000103,Eligibility Check,2025-08-10 17:20:18.266293510,6.62,U-0051,Eligibility Operations,Member360,eligibility_check,Task Completed,Completed
E-000000849,C-0000103,Document Intake,2025-08-10 18:26:37.502725550,16.66,U-0028,Intake Operations,DocuScan,document_intake,Task Completed,Completed
E-000000850,C-0000103,Document Review,2025-08-10 20:39:17.502650915,58.91,U-0053,Claims Adjudication,DocuScan,document_review,Task Completed,Completed
E-000000851,C-0000103,Approval,2025-08-10 22:10:26.923480546,7.46,U-0054,Claims Adjudication,ClaimsCore,approval,Task Completed,Completed
E-000000852,C-0000103,Payment Processing,2025-08-10 23:33:30.608105662,17.3,U-0032,Payment Operations,PaymentHub,payment_processing,Task Completed,Completed
E-000000853,C-0000103,Case Closed,2025-08-11 00:01:43.725004236,4.35,U-0083,Claims Adjudication,ClaimsCore,case_closed,Case Completed,Closed
E-000000854,C-0000104,Claim Received,2025-10-10 04:20:57.488639282,3.36,U-0075,Intake Operations,ClaimsCore,claim_received,Case Created,Completed
E-000000855,C-0000104,Eligibility Check,2025-10-10 04:51:31.527651317,8.5,U-0071,Eligibility Operations,Member360,eligibility_check,Task Completed,Completed
E-000000856,C-0000104,Document Intake,2025-10-10 05:44:51.267396373,5.95,U-0069,Intake Operations,DocuScan,document_intake,Task Completed,Completed
E-000000857,C-0000104,Document Review,2025-10-10 08:25:43.056629012,23.58,U-0042,Claims Adjudication,DocuScan,document_review,Task Completed,Completed
E-000000858,C-0000104,Medical Necessity Review,2025-10-11 03:47:15.508261042,60.58,U-0095,Clinical Review,PolicyRules,medical_necessity_review,Task Completed,Completed
E-000000859,C-0000104,Nurse Review,2025-10-11 14:04:43.852672803,41.29,U-0094,Clinical Review,PolicyRules,nurse_review,Task Completed,Completed
E-000000860,C-0000104,Approval,2025-10-11 17:49:55.985397965,15.01,U-0019,Claims Adjudication,ClaimsCore,approval,Task Completed,Completed
E-000000861,C-0000104,Payment Processing,2025-10-11 19:27:21.178113409,10.75,U-0012,Payment Operations,PaymentHub,payment_processing,Task Completed,Completed
E-000000862,C-0000104,Case Closed,2025-10-11 19:48:24.786797516,5.4,U-0042,Claims Adjudication,ClaimsCore,case_closed,Case Completed,Closed
E-000000863,C-0000105,Claim Received,2025-09-16 19:20:32.605546581,2.77,U-0086,Intake Operations,ClaimsCore,claim_received,Case Created,Completed
E-000000864,C-0000105,Eligibility Check,2025-09-16 19:39:38.280254843,13.23,U-0071,Eligibility Operations,Member360,eligibility_check,Task Completed,Completed
E-000000865,C-0000105,Document Intake,2025-09-16 20:12:52.662760966,11.19,U-0069,Intake Operations,DocuScan,document_intake,Task Completed,Completed
E-000000866,C-0000105,Document Review,2025-09-17 00:50:44.941775870,48.37,U-0092,Claims Adjudication,DocuScan,document_review,Task Completed,Completed
E-000000867,C-0000105,Medical Necessity Review,2025-09-17 04:14:57.699909243,69.09,U-0047,Clinical Review,PolicyRules,medical_necessity_review,Task Completed,Completed
E-000000868,C-0000105,Nurse Review,2025-09-17 08:04:10.499257121,65.48,U-0011,Clinical Review,PolicyRules,nurse_review,Task Completed,Completed
E-000000869,C-0000105,Approval,2025-09-17 11:51:14.661078868,10.83,U-0025,Claims Adjudication,ClaimsCore,approval,Task Completed,Completed
E-000000870,C-0000105,Payment Processing,2025-09-17 15:43:54.166438523,13.41,U-0032,Payment Operations,PaymentHub,payment_processing,Task Completed,Completed
E-000000871,C-0000105,Case Closed,2025-09-17 16:10:00.062309439,3.68,U-0007,Claims Adjudication,ClaimsCore,case_closed,Case Completed,Closed
E-000000872,C-0000106,Claim Received,2025-07-18 18:08:37.856689508,3.29,U-0005,Intake Operations,ClaimsCore,claim_received,Case Created,Completed
E-000000873,C-0000106,Eligibility Check,2025-07-18 18:23:51.059427559,10.07,U-0084,Eligibility Operations,Member360,eligibility_check,Task Completed,Completed
E-000000874,C-0000106,Document Intake,2025-07-18 19:15:23.008651878,11.28,U-0075,Intake Operations,DocuScan,document_intake,Task Completed,Completed
E-000000875,C-0000106,Document Review,2025-07-18 22:48:43.702418786,41.97,U-0025,Claims Adjudication,DocuScan,document_review,Task Completed,Completed
E-000000876,C-0000106,Medical Necessity Review,2025-07-19 13:04:12.692248670,86.82,U-0070,Clinical Review,PolicyRules,medical_necessity_review,Task Completed,Completed
E-000000877,C-0000106,Approval,2025-07-19 16:51:31.974282400,6.96,U-0025,Claims Adjudication,ClaimsCore,approval,Task Completed,Completed
E-000000878,C-0000106,Payment Processing,2025-07-19 17:53:30.318403026,18.61,U-0012,Payment Operations,PaymentHub,payment_processing,Task Completed,Completed
E-000000879,C-0000106,Case Closed,2025-07-19 18:46:57.653987855,5.54,U-0053,Claims Adjudication,ClaimsCore,case_closed,Case Completed,Closed
E-000000880,C-0000107,Claim Received,2025-11-27 10:03:09.140218538,5.5,U-0098,Intake Operations,ClaimsCore,claim_received,Case Created,Completed
E-000000881,C-0000107,Eligibility Check,2025-11-27 10:27:18.564366358,3.68,U-0037,Eligibility Operations,Member360,eligibility_check,Task Completed,Completed
E-000000882,C-0000107,Document Intake,2025-11-27 11:46:09.722558837,7.57,U-0005,Intake Operations,DocuScan,document_intake,Task Completed,Completed
E-000000883,C-0000107,Document Review,2025-11-27 15:38:45.060044915,42.51,U-0019,Claims Adjudication,DocuScan,document_review,Task Completed,Completed
E-000000884,C-0000107,Medical Necessity Review,2025-11-27 19:52:25.326576062,125.75,U-0094,Clinical Review,PolicyRules,medical_necessity_review,Task Completed,Completed
E-000000885,C-0000107,Nurse Review,2025-11-27 23:35:18.119308466,30.82,U-0094,Clinical Review,PolicyRules,nurse_review,Task Completed,Completed
E-000000886,C-0000107,Medical Director Review,2025-11-29 05:23:38.852882002,393.92,U-0088,Medical Directors,PolicyRules,medical_director_review,Task Completed,Completed
E-000000887,C-0000107,Approval,2025-11-29 13:06:55.448611306,17.86,U-0007,Claims Adjudication,ClaimsCore,approval,Task Completed,Completed
E-000000888,C-0000107,Payment Processing,2025-11-29 18:55:02.324347302,10.99,U-0006,Payment Operations,PaymentHub,payment_processing,Task Completed,Completed
E-000000889,C-0000107,Case Closed,2025-11-29 19:18:57.387872343,4.39,U-0056,Claims Adjudication,ClaimsCore,case_closed,Case Completed,Closed
E-000000890,C-0000108,Claim Received,2025-12-02 18:45:56.239445207,7.8,U-0069,Intake Operations,ClaimsCore,claim_received,Case Created,Completed
E-000000891,C-0000108,Eligibility Check,2025-12-02 19:08:53.226394348,10.34,U-0074,Eligibility Operations,Member360,eligibility_check,Task Completed,Completed
E-000000892,C-0000108,Document Intake,2025-12-02 20:02:00.704973708,8.16,U-0098,Intake Operations,DocuScan,document_intake,Task Completed,Completed
E-000000893,C-0000108,Document Review,2025-12-03 01:00:01.457184744,41.3,U-0061,Claims Adjudication,DocuScan,document_review,Task Completed,Completed
E-000000894,C-0000108,Approval,2025-12-03 02:15:48.221633849,11.3,U-0087,Claims Adjudication,ClaimsCore,approval,Task Completed,Completed
E-000000895,C-0000108,Payment Processing,2025-12-03 04:24:35.991603235,20.49,U-0024,Payment Operations,PaymentHub,payment_processing,Task Completed,Completed
E-000000896,C-0000108,Case Closed,2025-12-03 05:24:33.764063994,4.74,U-0025,Claims Adjudication,ClaimsCore,case_closed,Case Completed,Closed
E-000000897,C-0000109,Claim Received,2025-11-13 23:07:32.363995896,5.81,U-0028,Intake Operations,ClaimsCore,claim_received,Case Created,Completed
E-000000898,C-0000109,Eligibility Check,2025-11-13 23:15:45.883276770,6.89,U-0037,Eligibility Operations,Member360,eligibility_check,Task Completed,Completed
E-000000899,C-0000109,Document Intake,2025-11-14 00:05:27.839627491,11.52,U-0005,Intake Operations,DocuScan,document_intake,Task Completed,Completed
E-000000900,C-0000109,Document Review,2025-11-14 02:09:15.473514014,33.0,U-0014,Claims Adjudication,DocuScan,document_review,Task Completed,Completed
E-000000901,C-0000109,Medical Necessity Review,2025-11-14 03:14:28.329253346,171.06,U-0034,Clinical Review,PolicyRules,medical_necessity_review,Task Completed,Completed
E-000000902,C-0000109,Nurse Review,2025-11-14 06:45:34.544779447,88.24,U-0034,Clinical Review,PolicyRules,nurse_review,Task Completed,Completed
E-000000903,C-0000109,Medical Director Review,2025-11-14 09:53:34.989581451,125.19,U-0090,Medical Directors,PolicyRules,medical_director_review,Task Completed,Completed
E-000000904,C-0000109,Denial,2025-11-14 13:22:35.477075202,24.11,U-0054,Claims Adjudication,ClaimsCore,denial,Task Completed,Completed
E-000000905,C-0000109,Case Closed,2025-11-14 13:53:46.564491273,3.69,U-0054,Claims Adjudication,ClaimsCore,case_closed,Case Completed,Closed
E-000000906,C-0000110,Claim Received,2025-10-21 20:53:50.983794567,5.25,U-0052,Intake Operations,ClaimsCore,claim_received,Case Created,Completed
E-000000907,C-0000110,Eligibility Check,2025-10-21 21:39:04.208541936,8.21,U-0029,Eligibility Operations,Member360,eligibility_check,Task Completed,Completed
E-000000908,C-0000110,Document Intake,2025-10-21 23:06:43.044100644,7.45,U-0085,Intake Operations,DocuScan,document_intake,Task Completed,Completed
E-000000909,C-0000110,Document Review,2025-10-22 03:17:40.248743556,80.01,U-0055,Claims Adjudication,DocuScan,document_review,Task Completed,Completed
E-000000910,C-0000110,Medical Necessity Review,2025-10-22 06:45:31.942945127,97.56,U-0077,Clinical Review,PolicyRules,medical_necessity_review,Task Completed,Completed
E-000000911,C-0000110,Approval,2025-10-22 09:52:37.452740730,9.77,U-0014,Claims Adjudication,ClaimsCore,approval,Task Completed,Completed
E-000000912,C-0000110,Payment Processing,2025-10-22 16:53:16.175903073,24.75,U-0023,Payment Operations,PaymentHub,payment_processing,Task Completed,Completed
E-000000913,C-0000110,Case Closed,2025-10-22 17:42:40.326228875,5.34,U-0080,Claims Adjudication,ClaimsCore,case_closed,Case Completed,Closed
E-000000914,C-0000111,Claim Received,2025-09-12 16:03:19.116048122,4.21,U-0060,Intake Operations,ClaimsCore,claim_received,Case Created,Completed
E-000000915,C-0000111,Eligibility Check,2025-09-12 16:36:56.700838532,5.23,U-0089,Eligibility Operations,Member360,eligibility_check,Task Completed,Completed
E-000000916,C-0000111,Member Info Correction,2025-09-12 19:34:00.302976539,26.75,U-0051,Eligibility Operations,Member360,member_info_correction,Task Completed,Completed
E-000000917,C-0000111,Eligibility Check,2025-09-12 20:07:44.040994634,6.12,U-0037,Eligibility Operations,Member360,eligibility_check,Task Completed,Completed
E-000000918,C-0000111,Document Intake,2025-09-12 21:23:11.926509528,13.04,U-0086,Intake Operations,DocuScan,document_intake,Task Completed,Completed
E-000000919,C-0000111,Document Review,2025-09-12 23:29:10.443805789,56.64,U-0019,Claims Adjudication,DocuScan,document_review,Task Completed,Completed
E-000000920,C-0000111,Medical Necessity Review,2025-09-13 07:16:45.766544392,96.71,U-0076,Clinical Review,PolicyRules,medical_necessity_review,Task Completed,Completed
E-000000921,C-0000111,Nurse Review,2025-09-13 21:54:24.888280038,29.51,U-0068,Clinical Review,PolicyRules,nurse_review,Task Completed,Completed
E-000000922,C-0000111,Medical Necessity Review,2025-09-14 04:25:26.926393978,90.81,U-0022,Clinical Review,PolicyRules,medical_necessity_review,Task Completed,Completed
E-000000923,C-0000111,Nurse Review,2025-09-15 08:53:17.195410955,52.37,U-0095,Clinical Review,PolicyRules,nurse_review,Task Completed,Completed
E-000000924,C-0000111,Denial,2025-09-15 12:00:55.184649324,21.42,U-0042,Claims Adjudication,ClaimsCore,denial,Task Completed,Completed
E-000000925,C-0000111,Case Closed,2025-09-15 12:43:55.161894363,3.79,U-0031,Claims Adjudication,ClaimsCore,case_closed,Case Completed,Closed
E-000000926,C-0000112,Claim Received,2025-10-08 06:07:56.645993922,4.67,U-0005,Intake Operations,ClaimsCore,claim_received,Case Created,Completed
E-000000927,C-0000112,Eligibility Check,2025-10-08 06:31:12.660722066,10.57,U-0039,Eligibility Operations,Member360,eligibility_check,Task Completed,Completed
E-000000928,C-0000112,Document Intake,2025-10-08 07:42:41.832835023,7.3,U-0098,Intake Operations,DocuScan,document_intake,Task Completed,Completed
E-000000929,C-0000112,Document Review,2025-10-08 10:02:51.079765333,63.61,U-0031,Claims Adjudication,DocuScan,document_review,Task Completed,Completed
E-000000930,C-0000112,Medical Necessity Review,2025-10-09 05:48:58.756251043,97.65,U-0093,Clinical Review,PolicyRules,medical_necessity_review,Task Completed,Completed
E-000000931,C-0000112,Approval,2025-10-09 07:38:26.626937290,14.56,U-0025,Claims Adjudication,ClaimsCore,approval,Task Completed,Completed
E-000000932,C-0000112,Payment Processing,2025-10-09 14:02:30.429875120,8.89,U-0024,Payment Operations,PaymentHub,payment_processing,Task Completed,Completed
E-000000933,C-0000112,Case Closed,2025-10-09 14:48:20.706966734,4.31,U-0046,Claims Adjudication,ClaimsCore,case_closed,Case Completed,Closed
E-000000934,C-0000113,Claim Received,2025-10-04 08:14:17.353173826,3.75,U-0018,Intake Operations,ClaimsCore,claim_received,Case Created,Completed
E-000000935,C-0000113,Eligibility Check,2025-10-04 08:52:29.179676994,7.74,U-0039,Eligibility Operations,Member360,eligibility_check,Task Completed,Completed
E-000000936,C-0000113,Document Intake,2025-10-04 09:07:13.370755684,4.52,U-0069,Intake Operations,DocuScan,document_intake,Task Completed,Completed
E-000000937,C-0000113,Document Review,2025-10-04 15:38:37.613743191,48.99,U-0092,Claims Adjudication,DocuScan,document_review,Task Completed,Completed
E-000000938,C-0000113,Medical Necessity Review,2025-10-05 16:28:51.705762584,46.13,U-0033,Clinical Review,PolicyRules,medical_necessity_review,Task Completed,Completed
E-000000939,C-0000113,Nurse Review,2025-10-05 21:09:48.983010218,39.05,U-0002,Clinical Review,PolicyRules,nurse_review,Task Completed,Completed
E-000000940,C-0000113,Medical Necessity Review,2025-10-06 01:33:30.812670500,110.35,U-0033,Clinical Review,PolicyRules,medical_necessity_review,Task Completed,Completed
E-000000941,C-0000113,Nurse Review,2025-10-06 07:38:10.677383312,37.46,U-0041,Clinical Review,PolicyRules,nurse_review,Task Completed,Completed
E-000000942,C-0000113,Medical Director Review,2025-10-07 00:16:25.765150344,132.04,U-0027,Medical Directors,PolicyRules,medical_director_review,Task Completed,Completed
E-000000943,C-0000113,Approval,2025-10-07 04:44:43.452180307,21.02,U-0004,Claims Adjudication,ClaimsCore,approval,Task Completed,Completed
E-000000944,C-0000113,Payment Processing,2025-10-07 13:41:39.793680776,15.06,U-0012,Payment Operations,PaymentHub,payment_processing,Task Completed,Completed
E-000000945,C-0000113,Case Closed,2025-10-07 14:15:17.648783484,3.88,U-0043,Claims Adjudication,ClaimsCore,case_closed,Case Completed,Closed
E-000000946,C-0000114,Claim Received,2025-07-31 06:09:10.869585458,3.68,U-0086,Intake Operations,ClaimsCore,claim_received,Case Created,Completed
E-000000947,C-0000114,Eligibility Check,2025-07-31 06:25:11.120281839,15.28,U-0026,Eligibility Operations,Member360,eligibility_check,Task Completed,Completed
E-000000948,C-0000114,Document Intake,2025-07-31 07:13:57.040111412,8.22,U-0075,Intake Operations,DocuScan,document_intake,Task Completed,Completed
E-000000949,C-0000114,Document Review,2025-07-31 08:38:21.571427750,44.25,U-0040,Claims Adjudication,DocuScan,document_review,Task Completed,Completed
E-000000950,C-0000114,Medical Necessity Review,2025-07-31 15:39:06.424486710,54.43,U-0047,Clinical Review,PolicyRules,medical_necessity_review,Task Completed,Completed
E-000000951,C-0000114,Nurse Review,2025-08-01 04:13:50.593556064,24.89,U-0094,Clinical Review,PolicyRules,nurse_review,Task Completed,Completed
E-000000952,C-0000114,Medical Director Review,2025-08-01 16:31:17.333842131,265.15,U-0027,Medical Directors,PolicyRules,medical_director_review,Task Completed,Completed
E-000000953,C-0000114,Approval,2025-08-01 23:51:21.965705906,12.17,U-0092,Claims Adjudication,ClaimsCore,approval,Task Completed,Completed
E-000000954,C-0000114,Payment Processing,2025-08-02 04:19:34.623724747,17.99,U-0100,Payment Operations,PaymentHub,payment_processing,Task Completed,Completed
E-000000955,C-0000114,Case Closed,2025-08-02 04:47:43.122718845,3.58,U-0014,Claims Adjudication,ClaimsCore,case_closed,Case Completed,Closed
E-000000956,C-0000115,Claim Received,2025-07-15 23:24:32.334893279,7.96,U-0075,Intake Operations,ClaimsCore,claim_received,Case Created,Completed
E-000000957,C-0000115,Eligibility Check,2025-07-16 00:20:12.077426242,10.08,U-0039,Eligibility Operations,Member360,eligibility_check,Task Completed,Completed
E-000000958,C-0000115,Document Intake,2025-07-16 04:37:02.021799381,12.46,U-0098,Intake Operations,DocuScan,document_intake,Task Completed,Completed
E-000000959,C-0000115,Document Review,2025-07-16 18:54:02.150886444,31.29,U-0004,Claims Adjudication,DocuScan,document_review,Task Completed,Completed
E-000000960,C-0000115,Denial,2025-07-16 21:54:34.164632317,17.78,U-0004,Claims Adjudication,ClaimsCore,denial,Task Completed,Completed
E-000000961,C-0000115,Case Closed,2025-07-16 22:31:39.960409115,4.5,U-0021,Claims Adjudication,ClaimsCore,case_closed,Case Completed,Closed
E-000000962,C-0000116,Claim Received,2025-08-16 08:23:08.075846688,2.81,U-0099,Intake Operations,ClaimsCore,claim_received,Case Created,Completed
E-000000963,C-0000116,Eligibility Check,2025-08-16 08:49:52.820839127,8.9,U-0039,Eligibility Operations,Member360,eligibility_check,Task Completed,Completed
E-000000964,C-0000116,Document Intake,2025-08-16 10:03:54.157021546,14.54,U-0085,Intake Operations,DocuScan,document_intake,Task Completed,Completed
E-000000965,C-0000116,Document Review,2025-08-16 11:50:12.343573357,45.05,U-0003,Claims Adjudication,DocuScan,document_review,Task Completed,Completed
E-000000966,C-0000116,Medical Necessity Review,2025-08-16 14:31:56.937897009,79.27,U-0093,Clinical Review,PolicyRules,medical_necessity_review,Task Completed,Completed
E-000000967,C-0000116,Nurse Review,2025-08-17 01:01:55.841823682,65.15,U-0047,Clinical Review,PolicyRules,nurse_review,Task Completed,Completed
E-000000968,C-0000116,Medical Director Review,2025-08-17 18:36:19.849340930,179.42,U-0035,Medical Directors,PolicyRules,medical_director_review,Task Completed,Completed
E-000000969,C-0000116,Denial,2025-08-17 21:53:38.080443064,28.21,U-0003,Claims Adjudication,ClaimsCore,denial,Task Completed,Completed
E-000000970,C-0000116,Case Closed,2025-08-17 22:31:21.047025215,9.5,U-0053,Claims Adjudication,ClaimsCore,case_closed,Case Completed,Closed
E-000000971,C-0000117,Claim Received,2025-09-22 03:30:28.240059720,2.88,U-0086,Intake Operations,ClaimsCore,claim_received,Case Created,Completed
E-000000972,C-0000117,Eligibility Check,2025-09-22 03:56:56.090437611,4.51,U-0074,Eligibility Operations,Member360,eligibility_check,Task Completed,Completed
E-000000973,C-0000117,Document Intake,2025-09-22 04:19:42.490757414,8.86,U-0018,Intake Operations,DocuScan,document_intake,Task Completed,Completed
E-000000974,C-0000117,Document Review,2025-09-22 05:41:43.894176171,21.3,U-0049,Claims Adjudication,DocuScan,document_review,Task Completed,Completed
E-000000975,C-0000117,Approval,2025-09-22 07:11:31.194843916,17.82,U-0080,Claims Adjudication,ClaimsCore,approval,Task Completed,Completed
E-000000976,C-0000117,Payment Processing,2025-09-22 23:17:51.860667244,10.68,U-0100,Payment Operations,PaymentHub,payment_processing,Task Completed,Completed
E-000000977,C-0000117,Case Closed,2025-09-22 23:31:09.388548190,8.83,U-0004,Claims Adjudication,ClaimsCore,case_closed,Case Completed,Closed
E-000000978,C-0000118,Claim Received,2025-07-30 08:08:54.146201531,3.68,U-0018,Intake Operations,ClaimsCore,claim_received,Case Created,Completed
E-000000979,C-0000118,Eligibility Check,2025-07-30 08:45:36.785483894,12.24,U-0037,Eligibility Operations,Member360,eligibility_check,Task Completed,Completed
E-000000980,C-0000118,Document Intake,2025-07-30 10:26:39.549582747,14.16,U-0098,Intake Operations,DocuScan,document_intake,Task Completed,Completed
E-000000981,C-0000118,Document Review,2025-07-30 13:45:50.824111047,34.77,U-0080,Claims Adjudication,DocuScan,document_review,Task Completed,Completed
E-000000982,C-0000118,Medical Necessity Review,2025-07-30 17:36:15.866479560,65.77,U-0015,Clinical Review,PolicyRules,medical_necessity_review,Task Completed,Completed
E-000000983,C-0000118,Nurse Review,2025-07-30 20:02:47.413799119,50.92,U-0041,Clinical Review,PolicyRules,nurse_review,Task Completed,Completed
E-000000984,C-0000118,Approval,2025-07-30 21:13:03.004776873,11.64,U-0030,Claims Adjudication,ClaimsCore,approval,Task Completed,Completed
E-000000985,C-0000118,Payment Processing,2025-07-31 00:18:15.912017898,12.47,U-0032,Payment Operations,PaymentHub,payment_processing,Task Completed,Completed
E-000000986,C-0000118,Case Closed,2025-07-31 00:39:57.914133868,3.96,U-0061,Claims Adjudication,ClaimsCore,case_closed,Case Completed,Closed
E-000000987,C-0000119,Claim Received,2025-07-20 12:33:17.782826652,3.31,U-0085,Intake Operations,ClaimsCore,claim_received,Case Created,Completed
E-000000988,C-0000119,Eligibility Check,2025-07-20 12:41:11.786840946,14.02,U-0059,Eligibility Operations,Member360,eligibility_check,Task Completed,Completed
E-000000989,C-0000119,Document Intake,2025-07-20 13:31:49.386419145,6.53,U-0060,Intake Operations,DocuScan,document_intake,Task Completed,Completed
E-000000990,C-0000119,Document Review,2025-07-20 15:32:07.306480398,49.63,U-0042,Claims Adjudication,DocuScan,document_review,Task Completed,Completed
E-000000991,C-0000119,Medical Necessity Review,2025-07-21 06:48:44.367831249,60.49,U-0095,Clinical Review,PolicyRules,medical_necessity_review,Task Completed,Completed
E-000000992,C-0000119,Nurse Review,2025-07-21 15:00:21.959237524,83.14,U-0093,Clinical Review,PolicyRules,nurse_review,Task Completed,Completed
E-000000993,C-0000119,Approval,2025-07-21 18:02:59.751122758,20.18,U-0001,Claims Adjudication,ClaimsCore,approval,Task Completed,Completed
E-000000994,C-0000119,Payment Processing,2025-07-22 05:55:52.647601969,14.8,U-0024,Payment Operations,PaymentHub,payment_processing,Task Completed,Completed
E-000000995,C-0000119,Case Closed,2025-07-22 06:16:04.323655288,7.01,U-0078,Claims Adjudication,ClaimsCore,case_closed,Case Completed,Closed
E-000000996,C-0000120,Claim Received,2025-12-03 21:43:29.022922824,2.53,U-0005,Intake Operations,ClaimsCore,claim_received,Case Created,Completed
E-000000997,C-0000120,Eligibility Check,2025-12-03 21:55:00.579563416,13.36,U-0039,Eligibility Operations,Member360,eligibility_check,Task Completed,Completed
E-000000998,C-0000120,Document Intake,2025-12-03 22:26:24.244925261,12.62,U-0069,Intake Operations,DocuScan,document_intake,Task Completed,Completed
E-000000999,C-0000120,Document Review,2025-12-04 01:33:39.418096555,21.66,U-0056,Claims Adjudication,DocuScan,document_review,Task Completed,Completed
E-000001000,C-0000120,Medical Necessity Review,2025-12-04 22:40:46.063731218,66.73,U-0015,Clinical Review,PolicyRules,medical_necessity_review,Task Completed,Completed
E-000001001,C-0000120,Denial,2025-12-05 02:26:11.946074034,12.83,U-0008,Claims Adjudication,ClaimsCore,denial,Task Completed,Completed
E-000001002,C-0000120,Case Closed,2025-12-05 02:44:30.746943613,6.01,U-0061,Claims Adjudication,ClaimsCore,case_closed,Case Completed,Closed
E-000001003,C-0000121,Claim Received,2025-09-07 15:01:41.472298088,2.78,U-0099,Intake Operations,ClaimsCore,claim_received,Case Created,Completed
E-000001004,C-0000121,Eligibility Check,2025-09-07 15:14:52.765726677,11.72,U-0059,Eligibility Operations,Member360,eligibility_check,Task Completed,Completed
E-000001005,C-0000121,Document Intake,2025-09-07 17:11:56.116119695,13.02,U-0099,Intake Operations,DocuScan,document_intake,Task Completed,Completed
E-000001006,C-0000121,Document Review,2025-09-07 19:46:41.739933567,45.97,U-0021,Claims Adjudication,DocuScan,document_review,Task Completed,Completed
E-000001007,C-0000121,Medical Necessity Review,2025-09-07 22:58:12.477805098,54.3,U-0011,Clinical Review,PolicyRules,medical_necessity_review,Task Completed,Completed
E-000001008,C-0000121,Denial,2025-09-08 01:25:48.287759508,17.5,U-0008,Claims Adjudication,ClaimsCore,denial,Task Completed,Completed
E-000001009,C-0000121,Case Closed,2025-09-08 01:44:56.289508508,8.62,U-0078,Claims Adjudication,ClaimsCore,case_closed,Case Completed,Closed
E-000001010,C-0000122,Claim Received,2025-10-15 21:57:09.647063346,7.94,U-0075,Intake Operations,ClaimsCore,claim_received,Case Created,Completed
E-000001011,C-0000122,Eligibility Check,2025-10-15 22:38:54.565392851,11.68,U-0050,Eligibility Operations,Member360,eligibility_check,Task Completed,Completed
E-000001012,C-0000122,Member Info Correction,2025-10-16 05:41:24.802240865,35.09,U-0009,Eligibility Operations,Member360,member_info_correction,Task Completed,Completed
E-000001013,C-0000122,Eligibility Check,2025-10-16 06:48:14.838615476,14.15,U-0016,Eligibility Operations,Member360,eligibility_check,Task Completed,Completed
E-000001014,C-0000122,Document Intake,2025-10-16 07:53:15.074154497,8.89,U-0085,Intake Operations,DocuScan,document_intake,Task Completed,Completed
E-000001015,C-0000122,Document Review,2025-10-16 09:59:46.318065329,42.37,U-0004,Claims Adjudication,DocuScan,document_review,Task Completed,Completed
E-000001016,C-0000122,Approval,2025-10-16 12:31:43.446740074,23.32,U-0083,Claims Adjudication,ClaimsCore,approval,Task Completed,Completed
E-000001017,C-0000122,Payment Processing,2025-10-16 16:23:50.064919761,17.19,U-0012,Payment Operations,PaymentHub,payment_processing,Task Completed,Completed
E-000001018,C-0000122,Case Closed,2025-10-16 16:53:44.759221214,7.23,U-0078,Claims Adjudication,ClaimsCore,case_closed,Case Completed,Closed
E-000001019,C-0000123,Claim Received,2025-10-04 21:36:41.765334799,7.24,U-0052,Intake Operations,ClaimsCore,claim_received,Case Created,Completed
E-000001020,C-0000123,Eligibility Check,2025-10-04 21:56:18.535171239,9.83,U-0059,Eligibility Operations,Member360,eligibility_check,Task Completed,Completed
E-000001021,C-0000123,Document Intake,2025-10-04 22:35:07.397836366,8.24,U-0018,Intake Operations,DocuScan,document_intake,Task Completed,Completed
E-000001022,C-0000123,Document Review,2025-10-05 06:18:53.078743465,63.69,U-0055,Claims Adjudication,DocuScan,document_review,Task Completed,Completed
E-000001023,C-0000123,Medical Necessity Review,2025-10-06 02:52:31.578582386,91.11,U-0057,Clinical Review,PolicyRules,medical_necessity_review,Task Completed,Completed
E-000001024,C-0000123,Nurse Review,2025-10-06 08:44:03.393912678,34.6,U-0047,Clinical Review,PolicyRules,nurse_review,Task Completed,Completed
E-000001025,C-0000123,Approval,2025-10-06 09:33:22.257269384,24.87,U-0008,Claims Adjudication,ClaimsCore,approval,Task Completed,Completed
E-000001026,C-0000123,Payment Processing,2025-10-06 11:38:23.891805396,12.05,U-0100,Payment Operations,PaymentHub,payment_processing,Task Completed,Completed
E-000001027,C-0000123,Case Closed,2025-10-06 12:28:18.610049994,6.14,U-0083,Claims Adjudication,ClaimsCore,case_closed,Case Completed,Closed
E-000001028,C-0000124,Claim Received,2025-11-12 12:45:14.050662167,2.01,U-0085,Intake Operations,ClaimsCore,claim_received,Case Created,Completed
E-000001029,C-0000124,Eligibility Check,2025-11-12 14:03:28.355333855,13.54,U-0051,Eligibility Operations,Member360,eligibility_check,Task Completed,Completed
E-000001030,C-0000124,Document Intake,2025-11-12 16:36:29.650629397,11.78,U-0086,Intake Operations,DocuScan,document_intake,Task Completed,Completed
E-000001031,C-0000124,Document Review,2025-11-12 20:23:24.664790417,62.87,U-0056,Claims Adjudication,DocuScan,document_review,Task Completed,Completed
E-000001032,C-0000124,Medical Necessity Review,2025-11-13 00:19:13.310204591,112.87,U-0034,Clinical Review,PolicyRules,medical_necessity_review,Task Completed,Completed
E-000001033,C-0000124,Nurse Review,2025-11-13 06:32:56.844736150,73.08,U-0094,Clinical Review,PolicyRules,nurse_review,Task Completed,Completed
E-000001034,C-0000124,Medical Director Review,2025-11-15 07:41:45.019584565,148.02,U-0062,Medical Directors,PolicyRules,medical_director_review,Task Completed,Completed
E-000001035,C-0000124,Approval,2025-11-15 10:41:28.588767228,15.24,U-0007,Claims Adjudication,ClaimsCore,approval,Task Completed,Completed
E-000001036,C-0000124,Payment Processing,2025-11-15 13:42:25.237148620,10.75,U-0024,Payment Operations,PaymentHub,payment_processing,Task Completed,Completed
E-000001037,C-0000124,Case Closed,2025-11-15 14:26:39.556455428,5.88,U-0081,Claims Adjudication,ClaimsCore,case_closed,Case Completed,Closed
E-000001038,C-0000125,Claim Received,2025-11-13 09:23:00.265302426,3.63,U-0075,Intake Operations,ClaimsCore,claim_received,Case Created,Completed
E-000001039,C-0000125,Eligibility Check,2025-11-13 10:47:26.682780278,7.24,U-0036,Eligibility Operations,Member360,eligibility_check,Task Completed,Completed
E-000001040,C-0000125,Document Intake,2025-11-13 12:01:42.695632347,6.29,U-0099,Intake Operations,DocuScan,document_intake,Task Completed,Completed
E-000001041,C-0000125,Document Review,2025-11-13 19:08:11.624394639,55.37,U-0054,Claims Adjudication,DocuScan,document_review,Task Completed,Completed
E-000001042,C-0000125,Approval,2025-11-13 20:29:49.935170845,12.72,U-0056,Claims Adjudication,ClaimsCore,approval,Task Completed,Completed
E-000001043,C-0000125,Payment Processing,2025-11-14 04:13:58.988634241,18.48,U-0100,Payment Operations,PaymentHub,payment_processing,Task Completed,Completed
E-000001044,C-0000125,Case Closed,2025-11-14 05:09:05.053268927,5.99,U-0043,Claims Adjudication,ClaimsCore,case_closed,Case Completed,Closed
E-000001045,C-0000126,Claim Received,2025-08-24 04:11:50.645199073,5.15,U-0005,Intake Operations,ClaimsCore,claim_received,Case Created,Completed
E-000001046,C-0000126,Eligibility Check,2025-08-24 04:43:46.191297626,8.23,U-0026,Eligibility Operations,Member360,eligibility_check,Task Completed,Completed
E-000001047,C-0000126,Document Intake,2025-08-24 07:36:02.209435031,11.2,U-0060,Intake Operations,DocuScan,document_intake,Task Completed,Completed
E-000001048,C-0000126,Document Review,2025-08-24 09:46:06.525065224,30.03,U-0008,Claims Adjudication,DocuScan,document_review,Task Completed,Completed
E-000001049,C-0000126,Approval,2025-08-24 11:04:48.990281533,12.5,U-0054,Claims Adjudication,ClaimsCore,approval,Task Completed,Completed
E-000001050,C-0000126,Payment Processing,2025-08-24 13:50:52.754423157,17.56,U-0012,Payment Operations,PaymentHub,payment_processing,Task Completed,Completed
E-000001051,C-0000126,Case Closed,2025-08-24 14:21:13.728950065,3.88,U-0042,Claims Adjudication,ClaimsCore,case_closed,Case Completed,Closed
E-000001052,C-0000127,Claim Received,2025-12-03 04:04:51.667335855,3.93,U-0005,Intake Operations,ClaimsCore,claim_received,Case Created,Completed
E-000001053,C-0000127,Eligibility Check,2025-12-03 04:22:53.950862947,5.61,U-0037,Eligibility Operations,Member360,eligibility_check,Task Completed,Completed
E-000001054,C-0000127,Document Intake,2025-12-03 05:14:32.038133046,7.1,U-0086,Intake Operations,DocuScan,document_intake,Task Completed,Completed
E-000001055,C-0000127,Document Review,2025-12-03 11:23:21.586630608,30.01,U-0053,Claims Adjudication,DocuScan,document_review,Task Completed,Completed
E-000001056,C-0000127,Approval,2025-12-03 14:12:41.450474914,9.95,U-0073,Claims Adjudication,ClaimsCore,approval,Task Completed,Completed
E-000001057,C-0000127,Payment Processing,2025-12-03 19:17:00.566457998,18.26,U-0032,Payment Operations,PaymentHub,payment_processing,Task Completed,Completed
E-000001058,C-0000127,Case Closed,2025-12-03 19:44:50.555393498,5.13,U-0087,Claims Adjudication,ClaimsCore,case_closed,Case Completed,Closed
E-000001059,C-0000128,Claim Received,2025-09-06 22:36:56.291642155,3.87,U-0098,Intake Operations,ClaimsCore,claim_received,Case Created,Completed
E-000001060,C-0000128,Eligibility Check,2025-09-06 23:06:01.432679003,6.38,U-0084,Eligibility Operations,Member360,eligibility_check,Task Completed,Completed
E-000001061,C-0000128,Document Intake,2025-09-07 00:13:13.136778033,12.05,U-0098,Intake Operations,DocuScan,document_intake,Task Completed,Completed
E-000001062,C-0000128,Document Review,2025-09-07 03:49:07.347544054,57.4,U-0055,Claims Adjudication,DocuScan,document_review,Task Completed,Completed
E-000001063,C-0000128,Medical Necessity Review,2025-09-07 14:16:26.962267382,73.86,U-0022,Clinical Review,PolicyRules,medical_necessity_review,Task Completed,Completed
E-000001064,C-0000128,Nurse Review,2025-09-07 19:27:29.583643321,67.17,U-0015,Clinical Review,PolicyRules,nurse_review,Task Completed,Completed
E-000001065,C-0000128,Medical Director Review,2025-09-08 01:42:15.448951927,174.18,U-0088,Medical Directors,PolicyRules,medical_director_review,Task Completed,Completed
E-000001066,C-0000128,Approval,2025-09-08 08:01:24.761126544,16.41,U-0087,Claims Adjudication,ClaimsCore,approval,Task Completed,Completed
E-000001067,C-0000128,Payment Processing,2025-09-08 16:42:54.981383926,16.55,U-0032,Payment Operations,PaymentHub,payment_processing,Task Completed,Completed
E-000001068,C-0000128,Case Closed,2025-09-08 17:31:31.386341002,2.87,U-0049,Claims Adjudication,ClaimsCore,case_closed,Case Completed,Closed
E-000001069,C-0000129,Claim Received,2025-11-30 20:14:17.859799299,6.51,U-0085,Intake Operations,ClaimsCore,claim_received,Case Created,Completed
E-000001070,C-0000129,Eligibility Check,2025-11-30 20:30:53.755658309,10.7,U-0071,Eligibility Operations,Member360,eligibility_check,Task Completed,Completed
E-000001071,C-0000129,Document Intake,2025-11-30 21:12:30.357298602,5.68,U-0098,Intake Operations,DocuScan,document_intake,Task Completed,Completed
E-000001072,C-0000129,Document Review,2025-12-01 00:37:29.134381119,62.31,U-0008,Claims Adjudication,DocuScan,document_review,Task Completed,Completed
E-000001073,C-0000129,Approval,2025-12-01 02:05:46.520008813,12.59,U-0025,Claims Adjudication,ClaimsCore,approval,Task Completed,Completed
E-000001074,C-0000129,Payment Processing,2025-12-01 11:04:40.688559436,13.53,U-0100,Payment Operations,PaymentHub,payment_processing,Task Completed,Completed
E-000001075,C-0000129,Case Closed,2025-12-01 11:29:52.419250326,6.0,U-0056,Claims Adjudication,ClaimsCore,case_closed,Case Completed,Closed
E-000001076,C-0000130,Claim Received,2025-09-13 02:11:27.282421904,6.39,U-0086,Intake Operations,ClaimsCore,claim_received,Case Created,Completed
E-000001077,C-0000130,Eligibility Check,2025-09-13 02:36:41.072131350,9.69,U-0037,Eligibility Operations,Member360,eligibility_check,Task Completed,Completed
E-000001078,C-0000130,Document Intake,2025-09-13 03:23:48.649737658,21.7,U-0060,Intake Operations,DocuScan,document_intake,Task Completed,Completed
E-000001079,C-0000130,Document Review,2025-09-13 10:10:30.758915513,36.33,U-0021,Claims Adjudication,DocuScan,document_review,Task Completed,Completed
E-000001080,C-0000130,Medical Necessity Review,2025-09-13 20:20:26.021352405,14.88,U-0093,Clinical Review,PolicyRules,medical_necessity_review,Task Completed,Completed
E-000001081,C-0000130,Approval,2025-09-13 21:30:00.144498455,24.08,U-0054,Claims Adjudication,ClaimsCore,approval,Task Completed,Completed
E-000001082,C-0000130,Payment Processing,2025-09-14 04:53:15.607955393,18.2,U-0032,Payment Operations,PaymentHub,payment_processing,Task Completed,Completed
E-000001083,C-0000130,Case Closed,2025-09-14 05:13:03.296161600,4.45,U-0061,Claims Adjudication,ClaimsCore,case_closed,Case Completed,Closed
E-000001084,C-0000131,Claim Received,2025-07-21 07:34:23.386785686,3.74,U-0099,Intake Operations,ClaimsCore,claim_received,Case Created,Completed
E-000001085,C-0000131,Eligibility Check,2025-07-21 07:56:55.463107789,12.67,U-0039,Eligibility Operations,Member360,eligibility_check,Task Completed,Completed
E-000001086,C-0000131,Document Intake,2025-07-21 08:49:52.585435592,3.95,U-0085,Intake Operations,DocuScan,document_intake,Task Completed,Completed
E-000001087,C-0000131,Document Review,2025-07-21 14:20:17.560951185,50.44,U-0046,Claims Adjudication,DocuScan,document_review,Task Completed,Completed
E-000001088,C-0000131,Approval,2025-07-21 18:21:57.453918240,15.07,U-0064,Claims Adjudication,ClaimsCore,approval,Task Completed,Completed
E-000001089,C-0000131,Payment Processing,2025-07-21 21:27:30.298986555,14.31,U-0024,Payment Operations,PaymentHub,payment_processing,Task Completed,Completed
E-000001090,C-0000131,Case Closed,2025-07-21 22:12:59.109083279,4.21,U-0078,Claims Adjudication,ClaimsCore,case_closed,Case Completed,Closed
E-000001091,C-0000132,Claim Received,2025-11-17 02:01:30.231343389,7.56,U-0085,Intake Operations,ClaimsCore,claim_received,Case Created,Completed
E-000001092,C-0000132,Eligibility Check,2025-11-17 02:12:50.325516420,6.91,U-0039,Eligibility Operations,Member360,eligibility_check,Task Completed,Completed
E-000001093,C-0000132,Document Intake,2025-11-17 02:39:30.581302724,10.4,U-0060,Intake Operations,DocuScan,document_intake,Task Completed,Completed
E-000001094,C-0000132,Document Review,2025-11-17 05:53:22.339354864,38.22,U-0081,Claims Adjudication,DocuScan,document_review,Task Completed,Completed
E-000001095,C-0000132,Medical Necessity Review,2025-11-17 16:35:35.436372454,182.06,U-0034,Clinical Review,PolicyRules,medical_necessity_review,Task Completed,Completed
E-000001096,C-0000132,Approval,2025-11-17 19:47:04.030760194,10.72,U-0081,Claims Adjudication,ClaimsCore,approval,Task Completed,Completed
E-000001097,C-0000132,Payment Processing,2025-11-18 00:26:20.026812572,19.28,U-0023,Payment Operations,PaymentHub,payment_processing,Task Completed,Completed
E-000001098,C-0000132,Case Closed,2025-11-18 01:27:02.270762325,5.67,U-0007,Claims Adjudication,ClaimsCore,case_closed,Case Completed,Closed
E-000001099,C-0000133,Claim Received,2025-07-06 12:31:21.744088500,3.36,U-0018,Intake Operations,ClaimsCore,claim_received,Case Created,Completed
E-000001100,C-0000133,Eligibility Check,2025-07-06 13:12:37.754572695,14.94,U-0039,Eligibility Operations,Member360,eligibility_check,Task Completed,Completed
E-000001101,C-0000133,Document Intake,2025-07-06 18:30:43.903849774,8.33,U-0075,Intake Operations,DocuScan,document_intake,Task Completed,Completed
E-000001102,C-0000133,Document Review,2025-07-06 19:13:08.007517468,47.04,U-0053,Claims Adjudication,DocuScan,document_review,Task Completed,Completed
E-000001103,C-0000133,Approval,2025-07-06 20:05:27.502410866,8.14,U-0030,Claims Adjudication,ClaimsCore,approval,Task Completed,Completed
E-000001104,C-0000133,Payment Processing,2025-07-07 00:45:36.185656660,25.86,U-0024,Payment Operations,PaymentHub,payment_processing,Task Completed,Completed
E-000001105,C-0000133,Case Closed,2025-07-07 01:43:59.997273095,6.18,U-0007,Claims Adjudication,ClaimsCore,case_closed,Case Completed,Closed
E-000001106,C-0000134,Claim Received,2025-11-19 08:11:04.493300415,1.84,U-0060,Intake Operations,ClaimsCore,claim_received,Case Created,Completed
E-000001107,C-0000134,Eligibility Check,2025-11-19 08:44:53.741403614,11.68,U-0029,Eligibility Operations,Member360,eligibility_check,Task Completed,Completed
E-000001108,C-0000134,Document Intake,2025-11-19 09:15:34.249110947,12.81,U-0069,Intake Operations,DocuScan,document_intake,Task Completed,Completed
E-000001109,C-0000134,Document Review,2025-11-19 14:07:34.100012412,40.66,U-0080,Claims Adjudication,DocuScan,document_review,Task Completed,Completed
E-000001110,C-0000134,Medical Necessity Review,2025-11-20 02:44:30.348656208,197.2,U-0022,Clinical Review,PolicyRules,medical_necessity_review,Task Completed,Completed
E-000001111,C-0000134,Nurse Review,2025-11-20 12:54:49.849313176,48.79,U-0093,Clinical Review,PolicyRules,nurse_review,Task Completed,Completed
E-000001112,C-0000134,Medical Director Review,2025-11-21 06:42:59.031671412,331.94,U-0027,Medical Directors,PolicyRules,medical_director_review,Task Completed,Completed
E-000001113,C-0000134,Denial,2025-11-21 14:01:18.733584412,23.38,U-0054,Claims Adjudication,ClaimsCore,denial,Task Completed,Completed
E-000001114,C-0000134,Case Closed,2025-11-21 14:48:32.676534055,13.64,U-0054,Claims Adjudication,ClaimsCore,case_closed,Case Completed,Closed
E-000001115,C-0000135,Claim Received,2025-07-08 21:42:33.562725881,3.6,U-0052,Intake Operations,ClaimsCore,claim_received,Case Created,Completed
E-000001116,C-0000135,Eligibility Check,2025-07-08 22:39:19.755477621,7.64,U-0051,Eligibility Operations,Member360,eligibility_check,Task Completed,Completed
E-000001117,C-0000135,Document Intake,2025-07-08 23:11:02.166299265,8.37,U-0085,Intake Operations,DocuScan,document_intake,Task Completed,Completed
E-000001118,C-0000135,Document Review,2025-07-09 12:02:24.130913559,50.7,U-0021,Claims Adjudication,DocuScan,document_review,Task Completed,Completed
E-000001119,C-0000135,Approval,2025-07-09 14:17:03.616063100,10.07,U-0087,Claims Adjudication,ClaimsCore,approval,Task Completed,Completed
E-000001120,C-0000135,Payment Processing,2025-07-09 22:01:06.061102576,20.05,U-0100,Payment Operations,PaymentHub,payment_processing,Task Completed,Pending
E-000001121,C-0000136,Claim Received,2025-08-07 20:25:56.929288069,5.15,U-0069,Intake Operations,ClaimsCore,claim_received,Case Created,Completed
E-000001122,C-0000136,Eligibility Check,2025-08-07 21:11:51.630910360,9.1,U-0039,Eligibility Operations,Member360,eligibility_check,Task Completed,Completed
E-000001123,C-0000136,Document Intake,2025-08-07 21:33:53.071624307,7.16,U-0005,Intake Operations,DocuScan,document_intake,Task Completed,Completed
E-000001124,C-0000136,Document Review,2025-08-08 03:56:13.372535252,21.3,U-0008,Claims Adjudication,DocuScan,document_review,Task Completed,Completed
E-000001125,C-0000136,Medical Necessity Review,2025-08-08 10:43:21.064583193,206.17,U-0041,Clinical Review,PolicyRules,medical_necessity_review,Task Completed,Completed
E-000001126,C-0000136,Nurse Review,2025-08-08 22:40:38.362856046,60.27,U-0070,Clinical Review,PolicyRules,nurse_review,Task Completed,Completed
E-000001127,C-0000136,Medical Director Review,2025-08-09 10:18:18.975437399,128.37,U-0038,Medical Directors,PolicyRules,medical_director_review,Task Completed,Completed
E-000001128,C-0000136,Approval,2025-08-09 13:35:01.309263945,10.84,U-0031,Claims Adjudication,ClaimsCore,approval,Task Completed,Completed
E-000001129,C-0000136,Payment Processing,2025-08-10 02:53:55.985314230,18.43,U-0024,Payment Operations,PaymentHub,payment_processing,Task Completed,Completed
E-000001130,C-0000136,Case Closed,2025-08-10 03:45:59.411414044,9.01,U-0056,Claims Adjudication,ClaimsCore,case_closed,Case Completed,Closed
E-000001131,C-0000137,Claim Received,2025-10-19 10:05:29.465900559,3.65,U-0005,Intake Operations,ClaimsCore,claim_received,Case Created,Completed
E-000001132,C-0000137,Eligibility Check,2025-10-19 10:17:57.909241651,15.94,U-0084,Eligibility Operations,Member360,eligibility_check,Task Completed,Completed
E-000001133,C-0000137,Document Intake,2025-10-19 11:35:25.656887438,6.93,U-0018,Intake Operations,DocuScan,document_intake,Task Completed,Completed
E-000001134,C-0000137,Document Review,2025-10-19 20:40:04.603759494,39.16,U-0045,Claims Adjudication,DocuScan,document_review,Task Completed,Completed
E-000001135,C-0000137,Medical Necessity Review,2025-10-20 06:02:18.686769637,169.81,U-0095,Clinical Review,PolicyRules,medical_necessity_review,Task Completed,Completed
E-000001136,C-0000137,Nurse Review,2025-10-20 10:30:45.688139050,56.16,U-0002,Clinical Review,PolicyRules,nurse_review,Task Completed,Completed
E-000001137,C-0000137,Medical Director Review,2025-10-20 21:31:07.685426018,108.29,U-0088,Medical Directors,PolicyRules,medical_director_review,Task Completed,Completed
E-000001138,C-0000137,Approval,2025-10-21 00:12:21.653242452,20.79,U-0087,Claims Adjudication,ClaimsCore,approval,Task Completed,Completed
E-000001139,C-0000137,Payment Processing,2025-10-21 07:47:18.245133178,15.01,U-0032,Payment Operations,PaymentHub,payment_processing,Task Completed,Completed
E-000001140,C-0000137,Case Closed,2025-10-21 08:37:29.021862069,11.01,U-0008,Claims Adjudication,ClaimsCore,case_closed,Case Completed,Closed
E-000001141,C-0000138,Claim Received,2025-12-20 07:22:53.747458650,4.58,U-0060,Intake Operations,ClaimsCore,claim_received,Case Created,Completed
E-000001142,C-0000138,Eligibility Check,2025-12-20 07:44:03.361203441,10.28,U-0039,Eligibility Operations,Member360,eligibility_check,Task Completed,Completed
E-000001143,C-0000138,Document Intake,2025-12-20 08:27:56.217434929,6.71,U-0075,Intake Operations,DocuScan,document_intake,Task Completed,Completed
E-000001144,C-0000138,Document Review,2025-12-20 11:55:48.585958076,39.88,U-0004,Claims Adjudication,DocuScan,document_review,Task Completed,Completed
E-000001145,C-0000138,Medical Necessity Review,2025-12-21 06:31:42.703122656,103.57,U-0033,Clinical Review,PolicyRules,medical_necessity_review,Task Completed,Completed
E-000001146,C-0000138,Denial,2025-12-21 09:42:19.789192589,23.29,U-0001,Claims Adjudication,ClaimsCore,denial,Task Completed,Completed
E-000001147,C-0000138,Case Closed,2025-12-21 10:22:56.261946241,5.86,U-0081,Claims Adjudication,ClaimsCore,case_closed,Case Completed,Closed
E-000001148,C-0000139,Claim Received,2025-09-13 18:07:53.321130246,3.54,U-0052,Intake Operations,ClaimsCore,claim_received,Case Created,Completed
E-000001149,C-0000139,Eligibility Check,2025-09-13 18:47:47.051604496,10.76,U-0016,Eligibility Operations,Member360,eligibility_check,Task Completed,Completed
E-000001150,C-0000139,Document Intake,2025-09-13 19:06:08.158276136,8.22,U-0069,Intake Operations,DocuScan,document_intake,Task Completed,Completed
E-000001151,C-0000139,Document Review,2025-09-14 01:29:30.454404487,28.52,U-0007,Claims Adjudication,DocuScan,document_review,Task Completed,Completed
E-000001152,C-0000139,Provider Clarification,2025-09-14 04:03:14.919221830,17.81,U-0065,Provider Services,ProviderPortal,provider_clarification,Task Completed,Completed
E-000001153,C-0000139,Document Review,2025-09-14 12:46:51.633137580,15.2,U-0003,Claims Adjudication,DocuScan,document_review,Task Completed,Completed
E-000001154,C-0000139,Medical Necessity Review,2025-09-15 05:12:29.425943313,56.28,U-0077,Clinical Review,PolicyRules,medical_necessity_review,Task Completed,Completed
E-000001155,C-0000139,Nurse Review,2025-09-15 16:22:12.042088647,23.47,U-0047,Clinical Review,PolicyRules,nurse_review,Task Completed,Completed
E-000001156,C-0000139,Medical Director Review,2025-09-16 07:58:28.557642667,175.54,U-0027,Medical Directors,PolicyRules,medical_director_review,Task Completed,Completed
E-000001157,C-0000139,Approval,2025-09-16 13:04:04.972676837,9.56,U-0025,Claims Adjudication,ClaimsCore,approval,Task Completed,Completed
E-000001158,C-0000139,Payment Processing,2025-09-16 17:02:16.416307064,13.15,U-0100,Payment Operations,PaymentHub,payment_processing,Task Completed,Completed
E-000001159,C-0000139,Case Closed,2025-09-16 17:24:02.334930591,8.27,U-0045,Claims Adjudication,ClaimsCore,case_closed,Case Completed,Closed
E-000001160,C-0000140,Claim Received,2025-07-23 01:57:23.045501693,3.69,U-0086,Intake Operations,ClaimsCore,claim_received,Case Created,Completed
E-000001161,C-0000140,Eligibility Check,2025-07-23 02:07:05.363511856,8.17,U-0029,Eligibility Operations,Member360,eligibility_check,Task Completed,Completed
E-000001162,C-0000140,Document Intake,2025-07-23 03:32:40.462991672,7.65,U-0052,Intake Operations,DocuScan,document_intake,Task Completed,Completed
E-000001163,C-0000140,Document Review,2025-07-23 06:58:49.170974271,54.21,U-0025,Claims Adjudication,DocuScan,document_review,Task Completed,Completed
E-000001164,C-0000140,Approval,2025-07-23 09:27:44.316992453,11.2,U-0021,Claims Adjudication,ClaimsCore,approval,Task Completed,Completed
E-000001165,C-0000140,Payment Processing,2025-07-23 10:33:49.062198729,10.64,U-0032,Payment Operations,PaymentHub,payment_processing,Task Completed,Completed
E-000001166,C-0000140,Case Closed,2025-07-23 10:49:05.468826078,5.62,U-0004,Claims Adjudication,ClaimsCore,case_closed,Case Completed,Closed
E-000001167,C-0000141,Claim Received,2025-08-12 14:58:20.774099623,2.14,U-0028,Intake Operations,ClaimsCore,claim_received,Case Created,Completed
E-000001168,C-0000141,Eligibility Check,2025-08-12 15:36:27.892147955,13.17,U-0016,Eligibility Operations,Member360,eligibility_check,Task Completed,Completed
E-000001169,C-0000141,Document Intake,2025-08-12 16:03:29.109056994,5.95,U-0099,Intake Operations,DocuScan,document_intake,Task Completed,Completed
E-000001170,C-0000141,Document Review,2025-08-12 18:43:55.945110205,65.46,U-0031,Claims Adjudication,DocuScan,document_review,Task Completed,Completed
E-000001171,C-0000141,Approval,2025-08-12 20:43:12.569904948,7.06,U-0055,Claims Adjudication,ClaimsCore,approval,Task Completed,Completed
E-000001172,C-0000141,Payment Processing,2025-08-13 00:28:34.829342304,18.56,U-0100,Payment Operations,PaymentHub,payment_processing,Task Completed,Completed
E-000001173,C-0000141,Case Closed,2025-08-13 00:48:04.508767372,7.2,U-0053,Claims Adjudication,ClaimsCore,case_closed,Case Completed,Closed
E-000001174,C-0000142,Claim Received,2025-12-11 23:52:39.774273837,2.71,U-0005,Intake Operations,ClaimsCore,claim_received,Case Created,Completed
E-000001175,C-0000142,Eligibility Check,2025-12-12 00:02:49.630988816,9.85,U-0009,Eligibility Operations,Member360,eligibility_check,Task Completed,Completed
E-000001176,C-0000142,Document Intake,2025-12-12 01:52:30.513609692,8.09,U-0098,Intake Operations,DocuScan,document_intake,Task Completed,Completed
E-000001177,C-0000142,Document Review,2025-12-12 05:48:55.320634578,59.89,U-0054,Claims Adjudication,DocuScan,document_review,Task Completed,Completed
E-000001178,C-0000142,Approval,2025-12-12 12:20:25.659027509,8.58,U-0008,Claims Adjudication,ClaimsCore,approval,Task Completed,Completed
E-000001179,C-0000142,Payment Processing,2025-12-12 15:33:36.814510481,19.62,U-0023,Payment Operations,PaymentHub,payment_processing,Task Completed,Completed
E-000001180,C-0000142,Case Closed,2025-12-12 16:07:17.959522054,7.9,U-0040,Claims Adjudication,ClaimsCore,case_closed,Case Completed,Closed
E-000001181,C-0000143,Claim Received,2025-11-10 23:55:49.573214296,4.7,U-0069,Intake Operations,ClaimsCore,claim_received,Case Created,Completed
E-000001182,C-0000143,Eligibility Check,2025-11-11 00:08:06.198527062,6.68,U-0039,Eligibility Operations,Member360,eligibility_check,Task Completed,Completed
E-000001183,C-0000143,Document Intake,2025-11-11 01:10:28.503658256,9.24,U-0098,Intake Operations,DocuScan,document_intake,Task Completed,Completed
E-000001184,C-0000143,Document Review,2025-11-11 17:59:31.118404983,31.1,U-0045,Claims Adjudication,DocuScan,document_review,Task Completed,Completed
E-000001185,C-0000143,Approval,2025-11-11 19:00:53.788960919,9.93,U-0004,Claims Adjudication,ClaimsCore,approval,Task Completed,Completed
E-000001186,C-0000143,Payment Processing,2025-11-12 03:40:50.030560548,20.64,U-0006,Payment Operations,PaymentHub,payment_processing,Task Completed,Completed
E-000001187,C-0000143,Case Closed,2025-11-12 04:28:07.851154782,4.01,U-0042,Claims Adjudication,ClaimsCore,case_closed,Case Completed,Closed
E-000001188,C-0000144,Claim Received,2025-07-19 08:58:27.032971353,2.81,U-0018,Intake Operations,ClaimsCore,claim_received,Case Created,Completed
E-000001189,C-0000144,Eligibility Check,2025-07-19 09:34:44.812472210,11.33,U-0084,Eligibility Operations,Member360,eligibility_check,Task Completed,Completed
E-000001190,C-0000144,Document Intake,2025-07-19 10:12:17.255592430,13.6,U-0018,Intake Operations,DocuScan,document_intake,Task Completed,Completed
E-000001191,C-0000144,Document Review,2025-07-19 15:12:17.527205911,40.26,U-0061,Claims Adjudication,DocuScan,document_review,Task Completed,Completed
E-000001192,C-0000144,Medical Necessity Review,2025-07-19 18:14:28.613176222,136.96,U-0047,Clinical Review,PolicyRules,medical_necessity_review,Task Completed,Completed
E-000001193,C-0000144,Nurse Review,2025-07-20 01:28:32.295573303,46.34,U-0010,Clinical Review,PolicyRules,nurse_review,Task Completed,Completed
E-000001194,C-0000144,Approval,2025-07-20 03:24:26.557108578,19.36,U-0019,Claims Adjudication,ClaimsCore,approval,Task Completed,Completed
E-000001195,C-0000144,Payment Processing,2025-07-20 12:25:42.732828247,8.85,U-0012,Payment Operations,PaymentHub,payment_processing,Task Completed,Completed
E-000001196,C-0000144,Case Closed,2025-07-20 12:52:47.570337764,6.08,U-0064,Claims Adjudication,ClaimsCore,case_closed,Case Completed,Closed
E-000001197,C-0000145,Claim Received,2025-09-09 10:35:09.280106111,6.38,U-0099,Intake Operations,ClaimsCore,claim_received,Case Created,Completed
E-000001198,C-0000145,Eligibility Check,2025-09-09 11:17:51.601486528,9.92,U-0091,Eligibility Operations,Member360,eligibility_check,Task Completed,Completed
E-000001199,C-0000145,Document Intake,2025-09-09 11:44:47.405098146,6.81,U-0086,Intake Operations,DocuScan,document_intake,Task Completed,Completed
E-000001200,C-0000145,Document Review,2025-09-09 13:06:24.452024211,34.23,U-0019,Claims Adjudication,DocuScan,document_review,Task Completed,Completed
E-000001201,C-0000145,Medical Necessity Review,2025-09-10 08:10:13.081939744,72.99,U-0002,Clinical Review,PolicyRules,medical_necessity_review,Task Completed,Completed
E-000001202,C-0000145,Nurse Review,2025-09-10 11:02:19.999882175,48.66,U-0076,Clinical Review,PolicyRules,nurse_review,Task Completed,Completed
E-000001203,C-0000145,Approval,2025-09-10 12:21:23.472264779,15.08,U-0003,Claims Adjudication,ClaimsCore,approval,Task Completed,Completed
E-000001204,C-0000145,Payment Processing,2025-09-10 17:11:28.747393459,28.37,U-0024,Payment Operations,PaymentHub,payment_processing,Task Completed,Completed
E-000001205,C-0000145,Case Closed,2025-09-10 17:52:39.251509707,1.89,U-0025,Claims Adjudication,ClaimsCore,case_closed,Case Completed,Closed
E-000001206,C-0000146,Claim Received,2025-08-18 09:55:21.053535301,2.75,U-0098,Intake Operations,ClaimsCore,claim_received,Case Created,Completed
E-000001207,C-0000146,Eligibility Check,2025-08-18 10:28:49.850963771,6.67,U-0051,Eligibility Operations,Member360,eligibility_check,Task Completed,Completed
E-000001208,C-0000146,Document Intake,2025-08-18 12:24:25.564773081,7.16,U-0052,Intake Operations,DocuScan,document_intake,Task Completed,Completed
E-000001209,C-0000146,Document Review,2025-08-18 17:07:01.902896827,47.65,U-0042,Claims Adjudication,DocuScan,document_review,Task Completed,Completed
E-000001210,C-0000146,Medical Necessity Review,2025-08-19 11:28:52.044769995,73.9,U-0034,Clinical Review,PolicyRules,medical_necessity_review,Task Completed,Completed
E-000001211,C-0000146,Nurse Review,2025-08-19 17:42:01.495876475,51.2,U-0044,Clinical Review,PolicyRules,nurse_review,Task Completed,Completed
E-000001212,C-0000146,Medical Director Review,2025-08-20 05:44:51.863347105,187.56,U-0038,Medical Directors,PolicyRules,medical_director_review,Task Completed,Completed
E-000001213,C-0000146,Approval,2025-08-20 09:33:27.383698109,23.82,U-0083,Claims Adjudication,ClaimsCore,approval,Task Completed,Completed
E-000001214,C-0000146,Payment Processing,2025-08-20 10:47:12.991466931,15.0,U-0024,Payment Operations,PaymentHub,payment_processing,Task Completed,Completed
E-000001215,C-0000146,Case Closed,2025-08-20 11:49:23.371862272,3.87,U-0007,Claims Adjudication,ClaimsCore,case_closed,Case Completed,Closed
E-000001216,C-0000147,Claim Received,2025-08-02 13:03:42.956352109,3.67,U-0099,Intake Operations,ClaimsCore,claim_received,Case Created,Completed
E-000001217,C-0000147,Eligibility Check,2025-08-02 14:06:37.944850177,7.75,U-0039,Eligibility Operations,Member360,eligibility_check,Task Completed,Completed
E-000001218,C-0000147,Document Intake,2025-08-02 14:52:11.826227193,11.05,U-0086,Intake Operations,DocuScan,document_intake,Task Completed,Completed
E-000001219,C-0000147,Document Review,2025-08-02 21:01:56.452731143,43.18,U-0042,Claims Adjudication,DocuScan,document_review,Task Completed,Completed
E-000001220,C-0000147,Medical Necessity Review,2025-08-03 10:18:58.008933298,79.19,U-0015,Clinical Review,PolicyRules,medical_necessity_review,Task Completed,Completed
E-000001221,C-0000147,Nurse Review,2025-08-03 16:16:40.661271775,110.69,U-0048,Clinical Review,PolicyRules,nurse_review,Task Completed,Completed
E-000001222,C-0000147,Medical Director Review,2025-08-03 23:55:25.375100121,70.9,U-0027,Medical Directors,PolicyRules,medical_director_review,Task Completed,Completed
E-000001223,C-0000147,Approval,2025-08-04 02:08:10.328259204,20.82,U-0008,Claims Adjudication,ClaimsCore,approval,Task Completed,Completed
E-000001224,C-0000147,Payment Processing,2025-08-04 11:05:12.358585985,27.69,U-0012,Payment Operations,PaymentHub,payment_processing,Task Completed,Completed
E-000001225,C-0000147,Case Closed,2025-08-04 12:26:27.308036615,4.31,U-0040,Claims Adjudication,ClaimsCore,case_closed,Case Completed,Closed
E-000001226,C-0000148,Claim Received,2025-12-02 21:44:52.516599838,2.53,U-0069,Intake Operations,ClaimsCore,claim_received,Case Created,Completed
E-000001227,C-0000148,Eligibility Check,2025-12-02 21:53:43.177371250,8.92,U-0036,Eligibility Operations,Member360,eligibility_check,Task Completed,Completed
E-000001228,C-0000148,Document Intake,2025-12-02 22:47:34.171817753,9.75,U-0018,Intake Operations,DocuScan,document_intake,Task Completed,Completed
E-000001229,C-0000148,Document Review,2025-12-03 01:10:54.393550008,40.44,U-0053,Claims Adjudication,DocuScan,document_review,Task Completed,Completed
E-000001230,C-0000148,Medical Necessity Review,2025-12-03 05:03:54.027950545,256.38,U-0095,Clinical Review,PolicyRules,medical_necessity_review,Task Completed,Completed
E-000001231,C-0000148,Nurse Review,2025-12-03 18:03:57.142925351,73.86,U-0077,Clinical Review,PolicyRules,nurse_review,Task Completed,Completed
E-000001232,C-0000148,Medical Director Review,2025-12-05 13:49:54.869207652,188.46,U-0038,Medical Directors,PolicyRules,medical_director_review,Task Completed,Completed
E-000001233,C-0000148,Approval,2025-12-05 17:41:06.415867874,8.72,U-0046,Claims Adjudication,ClaimsCore,approval,Task Completed,Completed
E-000001234,C-0000148,Payment Processing,2025-12-05 19:50:47.308147076,10.68,U-0023,Payment Operations,PaymentHub,payment_processing,Task Completed,Completed
E-000001235,C-0000148,Case Closed,2025-12-05 20:25:21.350550526,4.22,U-0021,Claims Adjudication,ClaimsCore,case_closed,Case Completed,Closed
E-000001236,C-0000149,Claim Received,2025-10-22 01:01:31.698100950,2.8,U-0085,Intake Operations,ClaimsCore,claim_received,Case Created,Completed
E-000001237,C-0000149,Eligibility Check,2025-10-22 02:27:29.346231357,14.69,U-0074,Eligibility Operations,Member360,eligibility_check,Task Completed,Completed
E-000001238,C-0000149,Document Intake,2025-10-22 02:50:15.442776404,13.39,U-0060,Intake Operations,DocuScan,document_intake,Task Completed,Completed
E-000001239,C-0000149,Document Review,2025-10-22 06:21:18.241684985,69.48,U-0045,Claims Adjudication,DocuScan,document_review,Task Completed,Completed
E-000001240,C-0000149,Medical Necessity Review,2025-10-22 13:48:07.697603041,165.39,U-0033,Clinical Review,PolicyRules,medical_necessity_review,Task Completed,Completed
E-000001241,C-0000149,Nurse Review,2025-10-23 03:22:56.307452266,39.25,U-0077,Clinical Review,PolicyRules,nurse_review,Task Completed,Completed
E-000001242,C-0000149,Medical Director Review,2025-10-23 14:12:01.211059796,148.31,U-0090,Medical Directors,PolicyRules,medical_director_review,Task Completed,Completed
E-000001243,C-0000149,Approval,2025-10-23 17:37:43.974335074,35.83,U-0030,Claims Adjudication,ClaimsCore,approval,Task Completed,Completed
E-000001244,C-0000149,Payment Processing,2025-10-24 03:50:16.247951863,16.82,U-0100,Payment Operations,PaymentHub,payment_processing,Task Completed,Completed
E-000001245,C-0000149,Case Closed,2025-10-24 04:09:11.476094474,4.73,U-0021,Claims Adjudication,ClaimsCore,case_closed,Case Completed,Closed
E-000001246,C-0000150,Claim Received,2025-08-02 20:21:09.732291563,4.66,U-0075,Intake Operations,ClaimsCore,claim_received,Case Created,Completed
E-000001247,C-0000150,Eligibility Check,2025-08-02 20:57:28.702601171,15.83,U-0074,Eligibility Operations,Member360,eligibility_check,Task Completed,Completed
E-000001248,C-0000150,Document Intake,2025-08-02 22:09:53.933463763,8.31,U-0018,Intake Operations,DocuScan,document_intake,Task Completed,Completed
E-000001249,C-0000150,Document Review,2025-08-03 00:22:33.712201687,95.93,U-0031,Claims Adjudication,DocuScan,document_review,Task Completed,Completed
E-000001250,C-0000150,Provider Clarification,2025-08-03 19:18:02.606764016,48.7,U-0058,Provider Services,ProviderPortal,provider_clarification,Task Completed,Completed
E-000001251,C-0000150,Document Review,2025-08-04 00:42:15.327161250,31.74,U-0001,Claims Adjudication,DocuScan,document_review,Task Completed,Completed
E-000001252,C-0000150,Approval,2025-08-04 02:07:09.597202203,11.08,U-0046,Claims Adjudication,ClaimsCore,approval,Task Completed,Completed
E-000001253,C-0000150,Payment Processing,2025-08-04 03:55:31.039373506,10.49,U-0024,Payment Operations,PaymentHub,payment_processing,Task Completed,Completed
E-000001254,C-0000150,Case Closed,2025-08-04 04:18:04.461450142,11.64,U-0014,Claims Adjudication,ClaimsCore,case_closed,Case Completed,Closed
E-000001255,C-0000151,Claim Received,2025-10-28 01:52:33.487463972,3.17,U-0005,Intake Operations,ClaimsCore,claim_received,Case Created,Completed
E-000001256,C-0000151,Eligibility Check,2025-10-28 03:36:31.347727092,12.24,U-0071,Eligibility Operations,Member360,eligibility_check,Task Completed,Completed
E-000001257,C-0000151,Document Intake,2025-10-28 04:16:55.814497485,4.67,U-0018,Intake Operations,DocuScan,document_intake,Task Completed,Completed
E-000001258,C-0000151,Document Review,2025-10-28 09:29:23.665644432,25.66,U-0040,Claims Adjudication,DocuScan,document_review,Task Completed,Completed
E-000001259,C-0000151,Approval,2025-10-28 10:57:51.112206493,27.98,U-0007,Claims Adjudication,ClaimsCore,approval,Task Completed,Completed
E-000001260,C-0000151,Payment Processing,2025-10-28 18:53:31.315788535,10.39,U-0006,Payment Operations,PaymentHub,payment_processing,Task Completed,Completed
E-000001261,C-0000151,Case Closed,2025-10-28 19:23:48.152554939,3.61,U-0064,Claims Adjudication,ClaimsCore,case_closed,Case Completed,Closed
E-000001262,C-0000152,Claim Received,2025-09-14 16:26:20.410652403,2.51,U-0085,Intake Operations,ClaimsCore,claim_received,Case Created,Completed
E-000001263,C-0000152,Eligibility Check,2025-09-14 17:48:32.914530446,6.86,U-0037,Eligibility Operations,Member360,eligibility_check,Task Completed,Completed
E-000001264,C-0000152,Document Intake,2025-09-14 18:47:32.453646908,7.99,U-0069,Intake Operations,DocuScan,document_intake,Task Completed,Completed
E-000001265,C-0000152,Document Review,2025-09-15 00:12:10.107211980,15.82,U-0064,Claims Adjudication,DocuScan,document_review,Task Completed,Completed
E-000001266,C-0000152,Medical Necessity Review,2025-09-15 02:02:30.055996118,113.81,U-0076,Clinical Review,PolicyRules,medical_necessity_review,Task Completed,Completed
E-000001267,C-0000152,Nurse Review,2025-09-15 07:11:22.319497743,50.4,U-0068,Clinical Review,PolicyRules,nurse_review,Task Completed,Completed
E-000001268,C-0000152,Approval,2025-09-15 10:02:15.473388318,24.26,U-0001,Claims Adjudication,ClaimsCore,approval,Task Completed,Completed
E-000001269,C-0000152,Payment Processing,2025-09-15 21:42:08.041497375,21.63,U-0006,Payment Operations,PaymentHub,payment_processing,Task Completed,Completed
E-000001270,C-0000152,Case Closed,2025-09-15 22:30:07.195892506,6.55,U-0019,Claims Adjudication,ClaimsCore,case_closed,Case Completed,Closed
E-000001271,C-0000153,Claim Received,2025-07-12 06:03:48.331839693,4.99,U-0052,Intake Operations,ClaimsCore,claim_received,Case Created,Completed
E-000001272,C-0000153,Eligibility Check,2025-07-12 06:20:35.934219783,10.0,U-0036,Eligibility Operations,Member360,eligibility_check,Task Completed,Completed
E-000001273,C-0000153,Document Intake,2025-07-12 06:57:53.593707215,9.16,U-0060,Intake Operations,DocuScan,document_intake,Task Completed,Completed
E-000001274,C-0000153,Document Review,2025-07-12 09:36:22.920801400,63.15,U-0019,Claims Adjudication,DocuScan,document_review,Task Completed,Completed
E-000001275,C-0000153,Medical Necessity Review,2025-07-12 12:36:05.345702084,81.25,U-0047,Clinical Review,PolicyRules,medical_necessity_review,Task Completed,Completed
E-000001276,C-0000153,Nurse Review,2025-07-13 04:49:58.285276992,149.18,U-0033,Clinical Review,PolicyRules,nurse_review,Task Completed,Completed
E-000001277,C-0000153,Medical Director Review,2025-07-14 01:50:24.340628573,160.05,U-0062,Medical Directors,PolicyRules,medical_director_review,Task Completed,Completed
E-000001278,C-0000153,Approval,2025-07-14 05:32:50.355342104,9.7,U-0019,Claims Adjudication,ClaimsCore,approval,Task Completed,Completed
E-000001279,C-0000153,Payment Processing,2025-07-14 08:37:36.691431349,12.49,U-0012,Payment Operations,PaymentHub,payment_processing,Task Completed,Completed
E-000001280,C-0000153,Case Closed,2025-07-14 09:42:07.184526945,4.57,U-0030,Claims Adjudication,ClaimsCore,case_closed,Case Completed,Closed
E-000001281,C-0000154,Claim Received,2025-09-21 07:48:13.521708920,3.14,U-0052,Intake Operations,ClaimsCore,claim_received,Case Created,Completed
E-000001282,C-0000154,Eligibility Check,2025-09-21 08:21:02.187288463,4.76,U-0026,Eligibility Operations,Member360,eligibility_check,Task Completed,Completed
E-000001283,C-0000154,Document Intake,2025-09-21 12:11:32.036182259,9.83,U-0098,Intake Operations,DocuScan,document_intake,Task Completed,Completed
E-000001284,C-0000154,Document Review,2025-09-21 20:15:36.504063136,126.59,U-0080,Claims Adjudication,DocuScan,document_review,Task Completed,Completed
E-000001285,C-0000154,Approval,2025-09-21 23:17:57.977192158,19.57,U-0031,Claims Adjudication,ClaimsCore,approval,Task Completed,Completed
E-000001286,C-0000154,Payment Processing,2025-09-22 02:27:08.025778689,17.87,U-0023,Payment Operations,PaymentHub,payment_processing,Task Completed,Completed
E-000001287,C-0000154,Case Closed,2025-09-22 03:05:30.176412286,6.08,U-0003,Claims Adjudication,ClaimsCore,case_closed,Case Completed,Closed
E-000001288,C-0000155,Claim Received,2025-08-03 21:40:18.071923177,3.99,U-0005,Intake Operations,ClaimsCore,claim_received,Case Created,Completed
E-000001289,C-0000155,Eligibility Check,2025-08-03 22:06:32.016937494,16.34,U-0036,Eligibility Operations,Member360,eligibility_check,Task Completed,Completed
E-000001290,C-0000155,Document Intake,2025-08-03 22:33:52.015380450,15.04,U-0052,Intake Operations,DocuScan,document_intake,Task Completed,Completed
E-000001291,C-0000155,Document Review,2025-08-04 02:16:23.715605632,28.31,U-0043,Claims Adjudication,DocuScan,document_review,Task Completed,Completed
E-000001292,C-0000155,Medical Necessity Review,2025-08-04 17:34:22.370498272,43.63,U-0070,Clinical Review,PolicyRules,medical_necessity_review,Task Completed,Completed
E-000001293,C-0000155,Nurse Review,2025-08-05 01:18:23.039764800,47.22,U-0093,Clinical Review,PolicyRules,nurse_review,Task Completed,Completed
E-000001294,C-0000155,Approval,2025-08-05 03:32:53.503526427,25.68,U-0080,Claims Adjudication,ClaimsCore,approval,Task Completed,Completed
E-000001295,C-0000155,Payment Processing,2025-08-05 06:37:39.516991480,14.64,U-0023,Payment Operations,PaymentHub,payment_processing,Task Completed,Pending
E-000001296,C-0000156,Claim Received,2025-08-14 21:15:28.631962487,5.94,U-0075,Intake Operations,ClaimsCore,claim_received,Case Created,Completed
E-000001297,C-0000156,Eligibility Check,2025-08-14 21:28:26.720937677,8.75,U-0091,Eligibility Operations,Member360,eligibility_check,Task Completed,Completed
E-000001298,C-0000156,Document Intake,2025-08-14 23:37:59.749290116,13.33,U-0052,Intake Operations,DocuScan,document_intake,Task Completed,Completed
E-000001299,C-0000156,Document Review,2025-08-15 05:29:04.877411065,42.43,U-0003,Claims Adjudication,DocuScan,document_review,Task Completed,Completed
E-000001300,C-0000156,Medical Necessity Review,2025-08-15 17:27:00.231903065,42.9,U-0011,Clinical Review,PolicyRules,medical_necessity_review,Task Completed,Completed
E-000001301,C-0000156,Nurse Review,2025-08-16 02:41:43.650009380,59.22,U-0076,Clinical Review,PolicyRules,nurse_review,Task Completed,Completed
E-000001302,C-0000156,Medical Director Review,2025-08-17 14:17:55.019137371,116.25,U-0038,Medical Directors,PolicyRules,medical_director_review,Task Completed,Completed
E-000001303,C-0000156,Approval,2025-08-17 17:54:05.117980210,13.72,U-0073,Claims Adjudication,ClaimsCore,approval,Task Completed,Completed
E-000001304,C-0000156,Payment Processing,2025-08-18 03:53:28.431226866,20.71,U-0100,Payment Operations,PaymentHub,payment_processing,Task Completed,Completed
E-000001305,C-0000156,Case Closed,2025-08-18 04:30:34.034186556,4.76,U-0056,Claims Adjudication,ClaimsCore,case_closed,Case Completed,Closed
E-000001306,C-0000157,Claim Received,2025-12-08 20:36:18.841307075,2.21,U-0098,Intake Operations,ClaimsCore,claim_received,Case Created,Completed
E-000001307,C-0000157,Eligibility Check,2025-12-08 21:02:25.574760972,7.94,U-0037,Eligibility Operations,Member360,eligibility_check,Task Completed,Completed
E-000001308,C-0000157,Document Intake,2025-12-08 22:19:08.196933084,15.7,U-0005,Intake Operations,DocuScan,document_intake,Task Completed,Completed
E-000001309,C-0000157,Document Review,2025-12-09 00:44:08.878114765,66.45,U-0046,Claims Adjudication,DocuScan,document_review,Task Completed,Completed
E-000001310,C-0000157,Approval,2025-12-09 05:13:28.428305055,8.94,U-0055,Claims Adjudication,ClaimsCore,approval,Task Completed,Completed
E-000001311,C-0000157,Payment Processing,2025-12-09 11:35:18.252190379,14.71,U-0024,Payment Operations,PaymentHub,payment_processing,Task Completed,Completed
E-000001312,C-0000157,Case Closed,2025-12-09 12:00:24.471825054,4.24,U-0045,Claims Adjudication,ClaimsCore,case_closed,Case Completed,Closed
E-000001313,C-0000158,Claim Received,2025-11-07 23:29:40.466541694,4.89,U-0060,Intake Operations,ClaimsCore,claim_received,Case Created,Completed
E-000001314,C-0000158,Eligibility Check,2025-11-07 23:51:11.809777508,9.2,U-0016,Eligibility Operations,Member360,eligibility_check,Task Completed,Completed
E-000001315,C-0000158,Document Intake,2025-11-08 00:23:41.629090400,8.34,U-0018,Intake Operations,DocuScan,document_intake,Task Completed,Completed
E-000001316,C-0000158,Document Review,2025-11-08 03:11:09.380699307,30.27,U-0030,Claims Adjudication,DocuScan,document_review,Task Completed,Completed
E-000001317,C-0000158,Approval,2025-11-08 07:18:50.626620433,15.88,U-0045,Claims Adjudication,ClaimsCore,approval,Task Completed,Completed
E-000001318,C-0000158,Payment Processing,2025-11-08 17:35:36.498831382,14.15,U-0006,Payment Operations,PaymentHub,payment_processing,Task Completed,Completed
E-000001319,C-0000158,Case Closed,2025-11-08 17:50:06.288690425,13.16,U-0064,Claims Adjudication,ClaimsCore,case_closed,Case Completed,Closed
E-000001320,C-0000159,Claim Received,2025-07-25 12:56:53.546698182,4.48,U-0018,Intake Operations,ClaimsCore,claim_received,Case Created,Completed
E-000001321,C-0000159,Eligibility Check,2025-07-25 13:27:56.154538940,7.9,U-0037,Eligibility Operations,Member360,eligibility_check,Task Completed,Completed
E-000001322,C-0000159,Document Intake,2025-07-25 13:46:07.569941056,10.2,U-0069,Intake Operations,DocuScan,document_intake,Task Completed,Completed
E-000001323,C-0000159,Document Review,2025-07-25 14:34:18.760534955,39.45,U-0042,Claims Adjudication,DocuScan,document_review,Task Completed,Completed
E-000001324,C-0000159,Medical Necessity Review,2025-07-26 17:24:45.176065856,52.2,U-0041,Clinical Review,PolicyRules,medical_necessity_review,Task Completed,Completed
E-000001325,C-0000159,Nurse Review,2025-07-26 20:26:06.571979871,65.79,U-0022,Clinical Review,PolicyRules,nurse_review,Task Completed,Completed
E-000001326,C-0000159,Medical Director Review,2025-07-27 05:13:43.126046059,108.51,U-0088,Medical Directors,PolicyRules,medical_director_review,Task Completed,Completed
E-000001327,C-0000159,Denial,2025-07-27 11:31:35.581996104,16.54,U-0003,Claims Adjudication,ClaimsCore,denial,Task Completed,Completed
E-000001328,C-0000159,Case Closed,2025-07-27 11:53:52.344708911,10.05,U-0008,Claims Adjudication,ClaimsCore,case_closed,Case Completed,Closed
E-000001329,C-0000160,Claim Received,2025-12-03 19:04:53.307326430,2.73,U-0052,Intake Operations,ClaimsCore,claim_received,Case Created,Completed
E-000001330,C-0000160,Eligibility Check,2025-12-03 19:37:48.841036041,8.54,U-0039,Eligibility Operations,Member360,eligibility_check,Task Completed,Completed
E-000001331,C-0000160,Document Intake,2025-12-03 21:23:23.670661513,14.73,U-0075,Intake Operations,DocuScan,document_intake,Task Completed,Completed
E-000001332,C-0000160,Document Review,2025-12-04 02:47:34.643520779,25.69,U-0078,Claims Adjudication,DocuScan,document_review,Task Completed,Completed
E-000001333,C-0000160,Medical Necessity Review,2025-12-05 05:31:15.537707031,72.73,U-0095,Clinical Review,PolicyRules,medical_necessity_review,Task Completed,Completed
E-000001334,C-0000160,Nurse Review,2025-12-05 12:25:04.262396612,78.93,U-0093,Clinical Review,PolicyRules,nurse_review,Task Completed,Completed
E-000001335,C-0000160,Denial,2025-12-05 16:49:43.981195275,23.48,U-0030,Claims Adjudication,ClaimsCore,denial,Task Completed,Completed
E-000001336,C-0000160,Case Closed,2025-12-05 17:24:04.142398323,7.63,U-0043,Claims Adjudication,ClaimsCore,case_closed,Case Completed,Closed
E-000001337,C-0000161,Claim Received,2025-10-14 02:23:55.628158530,4.17,U-0086,Intake Operations,ClaimsCore,claim_received,Case Created,Completed
E-000001338,C-0000161,Eligibility Check,2025-10-14 02:46:41.772595603,10.02,U-0039,Eligibility Operations,Member360,eligibility_check,Task Completed,Completed
E-000001339,C-0000161,Document Intake,2025-10-14 04:07:42.494574197,6.11,U-0069,Intake Operations,DocuScan,document_intake,Task Completed,Completed
E-000001340,C-0000161,Document Review,2025-10-14 06:44:12.924425485,52.6,U-0061,Claims Adjudication,DocuScan,document_review,Task Completed,Completed
E-000001341,C-0000161,Approval,2025-10-14 10:04:41.006756222,24.33,U-0021,Claims Adjudication,ClaimsCore,approval,Task Completed,Completed
E-000001342,C-0000161,Payment Processing,2025-10-14 21:43:47.997539418,13.7,U-0100,Payment Operations,PaymentHub,payment_processing,Task Completed,Completed
E-000001343,C-0000161,Case Closed,2025-10-14 22:15:59.586455901,10.59,U-0049,Claims Adjudication,ClaimsCore,case_closed,Case Completed,Closed
E-000001344,C-0000162,Claim Received,2025-12-08 01:10:55.602986087,2.75,U-0085,Intake Operations,ClaimsCore,claim_received,Case Created,Completed
E-000001345,C-0000162,Eligibility Check,2025-12-08 01:38:04.991315512,15.63,U-0091,Eligibility Operations,Member360,eligibility_check,Task Completed,Completed
E-000001346,C-0000162,Document Intake,2025-12-08 02:25:36.464154566,14.84,U-0018,Intake Operations,DocuScan,document_intake,Task Completed,Completed
E-000001347,C-0000162,Document Review,2025-12-08 03:27:43.246748470,34.17,U-0031,Claims Adjudication,DocuScan,document_review,Task Completed,Completed
E-000001348,C-0000162,Medical Necessity Review,2025-12-08 09:40:37.330477247,104.67,U-0095,Clinical Review,PolicyRules,medical_necessity_review,Task Completed,Completed
E-000001349,C-0000162,Nurse Review,2025-12-09 09:48:05.864011195,57.08,U-0068,Clinical Review,PolicyRules,nurse_review,Task Completed,Completed
E-000001350,C-0000162,Medical Director Review,2025-12-09 14:13:00.886172602,171.71,U-0090,Medical Directors,PolicyRules,medical_director_review,Task Completed,Completed
E-000001351,C-0000162,Approval,2025-12-09 18:12:30.692646915,20.15,U-0087,Claims Adjudication,ClaimsCore,approval,Task Completed,Completed
E-000001352,C-0000162,Payment Processing,2025-12-09 21:20:48.273499459,19.82,U-0024,Payment Operations,PaymentHub,payment_processing,Task Completed,Completed
E-000001353,C-0000162,Case Closed,2025-12-09 21:53:59.460755892,6.99,U-0092,Claims Adjudication,ClaimsCore,case_closed,Case Completed,Closed
E-000001354,C-0000163,Claim Received,2025-11-14 17:13:00.586646462,3.6,U-0028,Intake Operations,ClaimsCore,claim_received,Case Created,Completed
E-000001355,C-0000163,Eligibility Check,2025-11-14 19:15:15.589558556,6.88,U-0050,Eligibility Operations,Member360,eligibility_check,Task Completed,Completed
E-000001356,C-0000163,Member Info Correction,2025-11-15 03:04:06.149579104,20.5,U-0037,Eligibility Operations,Member360,member_info_correction,Task Completed,Completed
E-000001357,C-0000163,Eligibility Check,2025-11-15 03:30:57.928625029,8.66,U-0074,Eligibility Operations,Member360,eligibility_check,Task Completed,Completed
E-000001358,C-0000163,Document Intake,2025-11-15 05:11:21.091599567,8.95,U-0018,Intake Operations,DocuScan,document_intake,Task Completed,Completed
E-000001359,C-0000163,Document Review,2025-11-15 10:26:41.482563198,43.92,U-0003,Claims Adjudication,DocuScan,document_review,Task Completed,Completed
E-000001360,C-0000163,Provider Clarification,2025-11-15 21:20:53.525975121,60.62,U-0067,Provider Services,ProviderPortal,provider_clarification,Task Completed,Completed
E-000001361,C-0000163,Document Review,2025-11-16 02:03:10.239041419,57.93,U-0021,Claims Adjudication,DocuScan,document_review,Task Completed,Completed
E-000001362,C-0000163,Denial,2025-11-16 04:33:40.361558536,23.8,U-0046,Claims Adjudication,ClaimsCore,denial,Task Completed,Completed
E-000001363,C-0000163,Case Closed,2025-11-16 05:45:22.252166811,8.43,U-0092,Claims Adjudication,ClaimsCore,case_closed,Case Completed,Closed
E-000001364,C-0000164,Claim Received,2025-09-01 02:32:50.882617359,6.89,U-0069,Intake Operations,ClaimsCore,claim_received,Case Created,Completed
E-000001365,C-0000164,Eligibility Check,2025-09-01 04:00:18.927385499,6.16,U-0059,Eligibility Operations,Member360,eligibility_check,Task Completed,Completed
E-000001366,C-0000164,Document Intake,2025-09-01 05:17:09.409393826,7.42,U-0060,Intake Operations,DocuScan,document_intake,Task Completed,Completed
E-000001367,C-0000164,Document Review,2025-09-01 09:07:32.049272410,55.94,U-0004,Claims Adjudication,DocuScan,document_review,Task Completed,Completed
E-000001368,C-0000164,Provider Clarification,2025-09-01 20:23:26.431308895,33.2,U-0058,Provider Services,ProviderPortal,provider_clarification,Task Completed,Completed
E-000001369,C-0000164,Document Review,2025-09-01 23:34:44.886479031,31.31,U-0019,Claims Adjudication,DocuScan,document_review,Task Completed,Completed
E-000001370,C-0000164,Medical Necessity Review,2025-09-02 01:23:52.493139397,82.6,U-0095,Clinical Review,PolicyRules,medical_necessity_review,Task Completed,Completed
E-000001371,C-0000164,Nurse Review,2025-09-02 08:30:54.571362903,48.22,U-0068,Clinical Review,PolicyRules,nurse_review,Task Completed,Completed
E-000001372,C-0000164,Medical Director Review,2025-09-02 16:59:11.589380402,131.69,U-0027,Medical Directors,PolicyRules,medical_director_review,Task Completed,Completed
E-000001373,C-0000164,Approval,2025-09-02 20:11:04.779681432,9.07,U-0078,Claims Adjudication,ClaimsCore,approval,Task Completed,Completed
E-000001374,C-0000164,Payment Processing,2025-09-03 00:37:34.652739063,21.97,U-0024,Payment Operations,PaymentHub,payment_processing,Task Completed,Completed
E-000001375,C-0000164,Case Closed,2025-09-03 01:05:46.850195821,4.5,U-0030,Claims Adjudication,ClaimsCore,case_closed,Case Completed,Closed
E-000001376,C-0000165,Claim Received,2025-10-06 21:09:41.654060794,4.91,U-0086,Intake Operations,ClaimsCore,claim_received,Case Created,Completed
E-000001377,C-0000165,Eligibility Check,2025-10-06 21:55:48.544455282,24.41,U-0074,Eligibility Operations,Member360,eligibility_check,Task Completed,Completed
E-000001378,C-0000165,Document Intake,2025-10-07 01:19:03.984427344,10.74,U-0069,Intake Operations,DocuScan,document_intake,Task Completed,Completed
E-000001379,C-0000165,Document Review,2025-10-07 04:04:32.787348567,39.92,U-0080,Claims Adjudication,DocuScan,document_review,Task Completed,Completed
E-000001380,C-0000165,Approval,2025-10-07 08:08:17.989833154,8.24,U-0073,Claims Adjudication,ClaimsCore,approval,Task Completed,Completed
E-000001381,C-0000165,Payment Processing,2025-10-07 12:25:11.389595251,22.86,U-0006,Payment Operations,PaymentHub,payment_processing,Task Completed,Completed
E-000001382,C-0000165,Case Closed,2025-10-07 13:03:45.619014216,3.11,U-0087,Claims Adjudication,ClaimsCore,case_closed,Case Completed,Closed
E-000001383,C-0000166,Claim Received,2025-10-06 03:33:14.349377784,3.42,U-0018,Intake Operations,ClaimsCore,claim_received,Case Created,Completed
E-000001384,C-0000166,Eligibility Check,2025-10-06 03:55:13.165868835,4.67,U-0059,Eligibility Operations,Member360,eligibility_check,Task Completed,Completed
E-000001385,C-0000166,Document Intake,2025-10-06 07:15:24.111344700,13.06,U-0005,Intake Operations,DocuScan,document_intake,Task Completed,Completed
E-000001386,C-0000166,Document Review,2025-10-06 15:25:30.405787025,73.87,U-0080,Claims Adjudication,DocuScan,document_review,Task Completed,Completed
E-000001387,C-0000166,Medical Necessity Review,2025-10-07 09:00:05.366154629,113.22,U-0093,Clinical Review,PolicyRules,medical_necessity_review,Task Completed,Completed
E-000001388,C-0000166,Nurse Review,2025-10-07 16:36:52.220031922,54.81,U-0048,Clinical Review,PolicyRules,nurse_review,Task Completed,Completed
E-000001389,C-0000166,Approval,2025-10-07 18:47:59.990142345,12.57,U-0056,Claims Adjudication,ClaimsCore,approval,Task Completed,Completed
E-000001390,C-0000166,Payment Processing,2025-10-08 01:30:05.795408488,26.73,U-0032,Payment Operations,PaymentHub,payment_processing,Task Completed,Completed
E-000001391,C-0000166,Case Closed,2025-10-08 02:47:18.669558148,12.93,U-0080,Claims Adjudication,ClaimsCore,case_closed,Case Completed,Closed
E-000001392,C-0000167,Claim Received,2025-11-09 18:10:04.016374026,4.5,U-0098,Intake Operations,ClaimsCore,claim_received,Case Created,Completed
E-000001393,C-0000167,Eligibility Check,2025-11-09 18:30:52.904584785,8.15,U-0091,Eligibility Operations,Member360,eligibility_check,Task Completed,Completed
E-000001394,C-0000167,Document Intake,2025-11-09 19:37:04.580211996,5.48,U-0005,Intake Operations,DocuScan,document_intake,Task Completed,Completed
E-000001395,C-0000167,Document Review,2025-11-09 20:45:05.762250079,33.95,U-0083,Claims Adjudication,DocuScan,document_review,Task Completed,Completed
E-000001396,C-0000167,Approval,2025-11-09 22:16:13.106668163,15.37,U-0021,Claims Adjudication,ClaimsCore,approval,Task Completed,Completed
E-000001397,C-0000167,Payment Processing,2025-11-10 01:36:37.586112141,23.18,U-0024,Payment Operations,PaymentHub,payment_processing,Task Completed,Completed
E-000001398,C-0000167,Case Closed,2025-11-10 02:25:56.399331554,5.35,U-0092,Claims Adjudication,ClaimsCore,case_closed,Case Completed,Closed
E-000001399,C-0000168,Claim Received,2025-08-15 11:02:45.573845942,3.24,U-0060,Intake Operations,ClaimsCore,claim_received,Case Created,Completed
E-000001400,C-0000168,Eligibility Check,2025-08-15 11:23:42.524173910,8.0,U-0050,Eligibility Operations,Member360,eligibility_check,Task Completed,Completed
E-000001401,C-0000168,Document Intake,2025-08-15 13:34:14.755545171,6.44,U-0028,Intake Operations,DocuScan,document_intake,Task Completed,Completed
E-000001402,C-0000168,Document Review,2025-08-15 17:38:22.838414965,32.14,U-0021,Claims Adjudication,DocuScan,document_review,Task Completed,Completed
E-000001403,C-0000168,Provider Clarification,2025-08-16 12:47:45.450794455,28.53,U-0067,Provider Services,ProviderPortal,provider_clarification,Task Completed,Completed
E-000001404,C-0000168,Document Review,2025-08-16 22:24:09.094401132,76.99,U-0054,Claims Adjudication,DocuScan,document_review,Task Completed,Completed
E-000001405,C-0000168,Approval,2025-08-17 00:45:54.094918466,16.39,U-0049,Claims Adjudication,ClaimsCore,approval,Task Completed,Completed
E-000001406,C-0000168,Payment Processing,2025-08-17 03:58:36.822409709,15.82,U-0100,Payment Operations,PaymentHub,payment_processing,Task Completed,Completed
E-000001407,C-0000168,Case Closed,2025-08-17 04:23:11.720057446,6.42,U-0054,Claims Adjudication,ClaimsCore,case_closed,Case Completed,Closed
E-000001408,C-0000169,Claim Received,2025-08-30 23:01:53.392840907,4.57,U-0028,Intake Operations,ClaimsCore,claim_received,Case Created,Completed
E-000001409,C-0000169,Eligibility Check,2025-08-31 00:44:03.913404133,12.28,U-0036,Eligibility Operations,Member360,eligibility_check,Task Completed,Completed
E-000001410,C-0000169,Document Intake,2025-08-31 02:37:47.863607973,17.47,U-0086,Intake Operations,DocuScan,document_intake,Task Completed,Completed
E-000001411,C-0000169,Document Review,2025-08-31 15:09:21.535604776,35.12,U-0054,Claims Adjudication,DocuScan,document_review,Task Completed,Completed
E-000001412,C-0000169,Medical Necessity Review,2025-08-31 20:42:12.967289607,118.05,U-0011,Clinical Review,PolicyRules,medical_necessity_review,Task Completed,Completed
E-000001413,C-0000169,Nurse Review,2025-09-01 09:10:02.306655463,101.46,U-0034,Clinical Review,PolicyRules,nurse_review,Task Completed,Completed
E-000001414,C-0000169,Medical Director Review,2025-09-02 07:40:59.379637981,45.63,U-0090,Medical Directors,PolicyRules,medical_director_review,Task Completed,Completed
E-000001415,C-0000169,Denial,2025-09-02 10:04:13.742773151,26.97,U-0073,Claims Adjudication,ClaimsCore,denial,Task Completed,Completed
E-000001416,C-0000169,Case Closed,2025-09-02 10:32:21.659462942,8.15,U-0054,Claims Adjudication,ClaimsCore,case_closed,Case Completed,Closed
E-000001417,C-0000170,Claim Received,2025-08-14 19:10:51.888791592,5.12,U-0085,Intake Operations,ClaimsCore,claim_received,Case Created,Completed
E-000001418,C-0000170,Eligibility Check,2025-08-14 19:49:38.059411104,7.92,U-0037,Eligibility Operations,Member360,eligibility_check,Task Completed,Completed
E-000001419,C-0000170,Document Intake,2025-08-14 20:56:12.294372004,4.36,U-0099,Intake Operations,DocuScan,document_intake,Task Completed,Completed
E-000001420,C-0000170,Document Review,2025-08-15 03:21:45.872423456,49.52,U-0019,Claims Adjudication,DocuScan,document_review,Task Completed,Completed
E-000001421,C-0000170,Denial,2025-08-15 06:00:46.659356076,17.54,U-0064,Claims Adjudication,ClaimsCore,denial,Task Completed,Completed
E-000001422,C-0000170,Case Closed,2025-08-15 06:39:17.267877557,3.14,U-0061,Claims Adjudication,ClaimsCore,case_closed,Case Completed,Closed
E-000001423,C-0000171,Claim Received,2025-08-24 04:44:09.981413280,5.36,U-0099,Intake Operations,ClaimsCore,claim_received,Case Created,Completed
E-000001424,C-0000171,Eligibility Check,2025-08-24 05:04:01.231712550,5.71,U-0059,Eligibility Operations,Member360,eligibility_check,Task Completed,Completed
E-000001425,C-0000171,Document Intake,2025-08-24 05:16:08.248812918,7.22,U-0099,Intake Operations,DocuScan,document_intake,Task Completed,Completed
E-000001426,C-0000171,Document Review,2025-08-24 05:46:12.762165252,46.52,U-0007,Claims Adjudication,DocuScan,document_review,Task Completed,Completed
E-000001427,C-0000171,Approval,2025-08-24 07:06:44.370109994,16.45,U-0081,Claims Adjudication,ClaimsCore,approval,Task Completed,Completed
E-000001428,C-0000171,Payment Processing,2025-08-24 09:01:50.368072654,11.46,U-0012,Payment Operations,PaymentHub,payment_processing,Task Completed,Completed
E-000001429,C-0000171,Case Closed,2025-08-24 09:21:33.151005555,4.84,U-0040,Claims Adjudication,ClaimsCore,case_closed,Case Completed,Closed
E-000001430,C-0000172,Claim Received,2025-07-30 12:14:56.361647376,5.07,U-0069,Intake Operations,ClaimsCore,claim_received,Case Created,Completed
E-000001431,C-0000172,Eligibility Check,2025-07-30 13:32:38.943268040,8.53,U-0037,Eligibility Operations,Member360,eligibility_check,Task Completed,Completed
E-000001432,C-0000172,Document Intake,2025-07-30 14:40:34.907354150,11.98,U-0075,Intake Operations,DocuScan,document_intake,Task Completed,Completed
E-000001433,C-0000172,Document Review,2025-07-30 18:48:34.079947454,69.16,U-0042,Claims Adjudication,DocuScan,document_review,Task Completed,Completed
E-000001434,C-0000172,Approval,2025-07-30 21:23:43.202282443,18.68,U-0014,Claims Adjudication,ClaimsCore,approval,Task Completed,Completed
E-000001435,C-0000172,Payment Processing,2025-07-31 01:26:39.641547557,9.55,U-0024,Payment Operations,PaymentHub,payment_processing,Task Completed,Completed
E-000001436,C-0000172,Case Closed,2025-07-31 01:59:53.091184816,4.44,U-0021,Claims Adjudication,ClaimsCore,case_closed,Case Completed,Closed
E-000001437,C-0000173,Claim Received,2025-07-07 16:38:41.161464621,6.62,U-0052,Intake Operations,ClaimsCore,claim_received,Case Created,Completed
E-000001438,C-0000173,Eligibility Check,2025-07-07 17:24:04.272873579,9.68,U-0009,Eligibility Operations,Member360,eligibility_check,Task Completed,Completed
E-000001439,C-0000173,Document Intake,2025-07-07 18:02:26.695830132,9.42,U-0052,Intake Operations,DocuScan,document_intake,Task Completed,Completed
E-000001440,C-0000173,Document Review,2025-07-07 23:47:13.384692621,47.2,U-0008,Claims Adjudication,DocuScan,document_review,Task Completed,Completed
E-000001441,C-0000173,Provider Clarification,2025-07-08 06:35:48.711774035,25.4,U-0013,Provider Services,ProviderPortal,provider_clarification,Task Completed,Completed
E-000001442,C-0000173,Document Review,2025-07-08 14:24:27.416820544,29.06,U-0081,Claims Adjudication,DocuScan,document_review,Task Completed,Completed
E-000001443,C-0000173,Medical Necessity Review,2025-07-08 19:25:05.202055797,127.1,U-0057,Clinical Review,PolicyRules,medical_necessity_review,Task Completed,Completed
E-000001444,C-0000173,Nurse Review,2025-07-09 08:45:55.374912596,37.9,U-0044,Clinical Review,PolicyRules,nurse_review,Task Completed,Completed
E-000001445,C-0000173,Approval,2025-07-09 10:40:51.947826189,16.58,U-0031,Claims Adjudication,ClaimsCore,approval,Task Completed,Completed
E-000001446,C-0000173,Payment Processing,2025-07-09 20:59:03.629944213,11.27,U-0023,Payment Operations,PaymentHub,payment_processing,Task Completed,Completed
E-000001447,C-0000173,Case Closed,2025-07-09 21:24:19.917065744,5.28,U-0049,Claims Adjudication,ClaimsCore,case_closed,Case Completed,Closed
E-000001448,C-0000174,Claim Received,2025-12-20 00:39:01.464856331,2.64,U-0018,Intake Operations,ClaimsCore,claim_received,Case Created,Completed
E-000001449,C-0000174,Eligibility Check,2025-12-20 00:53:55.128893589,9.4,U-0036,Eligibility Operations,Member360,eligibility_check,Task Completed,Completed
E-000001450,C-0000174,Document Intake,2025-12-20 02:10:54.582575505,5.12,U-0069,Intake Operations,DocuScan,document_intake,Task Completed,Completed
E-000001451,C-0000174,Document Review,2025-12-20 10:17:40.050389997,38.41,U-0019,Claims Adjudication,DocuScan,document_review,Task Completed,Completed
E-000001452,C-0000174,Medical Necessity Review,2025-12-20 21:40:48.047349825,60.97,U-0047,Clinical Review,PolicyRules,medical_necessity_review,Task Completed,Completed
E-000001453,C-0000174,Nurse Review,2025-12-21 20:27:34.351344777,56.56,U-0022,Clinical Review,PolicyRules,nurse_review,Task Completed,Completed
E-000001454,C-0000174,Medical Director Review,2025-12-22 05:10:19.091732246,248.96,U-0088,Medical Directors,PolicyRules,medical_director_review,Task Completed,Completed
E-000001455,C-0000174,Approval,2025-12-22 11:09:10.987425629,8.83,U-0045,Claims Adjudication,ClaimsCore,approval,Task Completed,Completed
E-000001456,C-0000174,Payment Processing,2025-12-22 19:35:22.050197887,18.07,U-0100,Payment Operations,PaymentHub,payment_processing,Task Completed,Completed
E-000001457,C-0000174,Case Closed,2025-12-22 20:00:59.993551524,4.34,U-0078,Claims Adjudication,ClaimsCore,case_closed,Case Completed,Closed
E-000001458,C-0000175,Claim Received,2025-07-14 14:31:45.877906274,5.77,U-0085,Intake Operations,ClaimsCore,claim_received,Case Created,Completed
E-000001459,C-0000175,Eligibility Check,2025-07-14 14:55:24.416200309,11.83,U-0009,Eligibility Operations,Member360,eligibility_check,Task Completed,Completed
E-000001460,C-0000175,Document Intake,2025-07-14 16:28:18.864164459,6.58,U-0085,Intake Operations,DocuScan,document_intake,Task Completed,Completed
E-000001461,C-0000175,Document Review,2025-07-14 23:36:35.324097232,54.17,U-0030,Claims Adjudication,DocuScan,document_review,Task Completed,Completed
E-000001462,C-0000175,Medical Necessity Review,2025-07-15 03:53:34.027090117,93.95,U-0093,Clinical Review,PolicyRules,medical_necessity_review,Task Completed,Completed
E-000001463,C-0000175,Approval,2025-07-15 06:11:23.305449279,12.28,U-0007,Claims Adjudication,ClaimsCore,approval,Task Completed,Completed
E-000001464,C-0000175,Payment Processing,2025-07-15 09:38:55.424817040,10.72,U-0023,Payment Operations,PaymentHub,payment_processing,Task Completed,Completed
E-000001465,C-0000175,Case Closed,2025-07-15 10:22:39.048885600,2.87,U-0001,Claims Adjudication,ClaimsCore,case_closed,Case Completed,Closed
E-000001466,C-0000176,Claim Received,2025-12-10 12:03:40.829503271,4.27,U-0052,Intake Operations,ClaimsCore,claim_received,Case Created,Completed
E-000001467,C-0000176,Eligibility Check,2025-12-10 12:24:23.226610539,9.18,U-0039,Eligibility Operations,Member360,eligibility_check,Task Completed,Completed
E-000001468,C-0000176,Document Intake,2025-12-10 13:05:07.316706720,6.55,U-0005,Intake Operations,DocuScan,document_intake,Task Completed,Completed
E-000001469,C-0000176,Document Review,2025-12-10 15:24:49.702942575,41.76,U-0073,Claims Adjudication,DocuScan,document_review,Task Completed,Completed
E-000001470,C-0000176,Approval,2025-12-10 16:59:50.302221435,15.29,U-0001,Claims Adjudication,ClaimsCore,approval,Task Completed,Completed
E-000001471,C-0000176,Payment Processing,2025-12-11 01:15:03.750878772,11.09,U-0100,Payment Operations,PaymentHub,payment_processing,Task Completed,Completed
E-000001472,C-0000176,Case Closed,2025-12-11 01:33:52.605119757,5.56,U-0053,Claims Adjudication,ClaimsCore,case_closed,Case Completed,Closed
E-000001473,C-0000177,Claim Received,2025-07-01 13:37:54.934501046,5.05,U-0069,Intake Operations,ClaimsCore,claim_received,Case Created,Completed
E-000001474,C-0000177,Eligibility Check,2025-07-01 13:57:28.361366621,13.02,U-0050,Eligibility Operations,Member360,eligibility_check,Task Completed,Completed
E-000001475,C-0000177,Document Intake,2025-07-01 17:12:05.925401900,8.49,U-0085,Intake Operations,DocuScan,document_intake,Task Completed,Completed
E-000001476,C-0000177,Document Review,2025-07-01 20:06:25.817118919,92.44,U-0049,Claims Adjudication,DocuScan,document_review,Task Completed,Completed
E-000001477,C-0000177,Approval,2025-07-01 22:21:06.138878428,9.17,U-0031,Claims Adjudication,ClaimsCore,approval,Task Completed,Completed
E-000001478,C-0000177,Payment Processing,2025-07-02 04:29:01.070029105,9.63,U-0032,Payment Operations,PaymentHub,payment_processing,Task Completed,Completed
E-000001479,C-0000177,Case Closed,2025-07-02 04:40:32.268441101,6.42,U-0040,Claims Adjudication,ClaimsCore,case_closed,Case Completed,Closed
E-000001480,C-0000178,Claim Received,2025-11-20 06:14:04.510703238,3.76,U-0085,Intake Operations,ClaimsCore,claim_received,Case Created,Completed
E-000001481,C-0000178,Eligibility Check,2025-11-20 06:25:31.585980448,8.79,U-0037,Eligibility Operations,Member360,eligibility_check,Task Completed,Completed
E-000001482,C-0000178,Document Intake,2025-11-20 07:11:56.788224251,6.68,U-0052,Intake Operations,DocuScan,document_intake,Task Completed,Completed
E-000001483,C-0000178,Document Review,2025-11-20 12:05:08.222252615,43.01,U-0007,Claims Adjudication,DocuScan,document_review,Task Completed,Completed
E-000001484,C-0000178,Approval,2025-11-20 16:45:38.730988287,16.12,U-0081,Claims Adjudication,ClaimsCore,approval,Task Completed,Completed
E-000001485,C-0000178,Payment Processing,2025-11-20 18:14:57.340031218,19.34,U-0100,Payment Operations,PaymentHub,payment_processing,Task Completed,Completed
E-000001486,C-0000178,Case Closed,2025-11-20 18:46:05.466067941,4.81,U-0007,Claims Adjudication,ClaimsCore,case_closed,Case Completed,Closed
E-000001487,C-0000179,Claim Received,2025-08-30 02:24:52.555501287,4.79,U-0098,Intake Operations,ClaimsCore,claim_received,Case Created,Completed
E-000001488,C-0000179,Eligibility Check,2025-08-30 02:37:08.483604898,9.74,U-0059,Eligibility Operations,Member360,eligibility_check,Task Completed,Completed
E-000001489,C-0000179,Document Intake,2025-08-30 02:58:17.064994763,9.57,U-0005,Intake Operations,DocuScan,document_intake,Task Completed,Completed
E-000001490,C-0000179,Document Review,2025-08-30 09:00:40.390536296,17.28,U-0042,Claims Adjudication,DocuScan,document_review,Task Completed,Completed
E-000001491,C-0000179,Medical Necessity Review,2025-08-30 18:43:19.394103427,79.41,U-0068,Clinical Review,PolicyRules,medical_necessity_review,Task Completed,Completed
E-000001492,C-0000179,Nurse Review,2025-08-30 22:46:44.358346701,31.71,U-0070,Clinical Review,PolicyRules,nurse_review,Task Completed,Completed
E-000001493,C-0000179,Medical Director Review,2025-08-31 10:50:58.861903769,52.59,U-0090,Medical Directors,PolicyRules,medical_director_review,Task Completed,Completed
E-000001494,C-0000179,Approval,2025-08-31 14:06:12.023994864,14.82,U-0046,Claims Adjudication,ClaimsCore,approval,Task Completed,Completed
E-000001495,C-0000179,Payment Processing,2025-08-31 17:55:01.565769421,21.82,U-0023,Payment Operations,PaymentHub,payment_processing,Task Completed,Completed
E-000001496,C-0000179,Case Closed,2025-08-31 18:22:15.161692427,4.65,U-0008,Claims Adjudication,ClaimsCore,case_closed,Case Completed,Closed
E-000001497,C-0000180,Claim Received,2025-10-03 17:35:22.416801051,5.48,U-0086,Intake Operations,ClaimsCore,claim_received,Case Created,Completed
E-000001498,C-0000180,Eligibility Check,2025-10-03 18:14:14.474784759,17.45,U-0036,Eligibility Operations,Member360,eligibility_check,Task Completed,Completed
E-000001499,C-0000180,Document Intake,2025-10-03 19:08:03.184810157,12.48,U-0086,Intake Operations,DocuScan,document_intake,Task Completed,Completed
E-000001500,C-0000180,Document Review,2025-10-03 20:34:14.982071341,68.23,U-0087,Claims Adjudication,DocuScan,document_review,Task Completed,Completed
E-000001501,C-0000180,Medical Necessity Review,2025-10-04 03:07:05.916884962,51.66,U-0010,Clinical Review,PolicyRules,medical_necessity_review,Task Completed,Completed
E-000001502,C-0000180,Approval,2025-10-04 06:16:46.573490012,14.65,U-0061,Claims Adjudication,ClaimsCore,approval,Task Completed,Completed
E-000001503,C-0000180,Payment Processing,2025-10-04 07:35:18.691722543,6.32,U-0006,Payment Operations,PaymentHub,payment_processing,Task Completed,Completed
E-000001504,C-0000180,Case Closed,2025-10-04 07:52:21.638222819,2.89,U-0003,Claims Adjudication,ClaimsCore,case_closed,Case Completed,Closed
E-000001505,C-0000181,Claim Received,2025-08-21 15:35:58.573242293,2.01,U-0028,Intake Operations,ClaimsCore,claim_received,Case Created,Completed
E-000001506,C-0000181,Eligibility Check,2025-08-21 16:10:47.829334113,13.87,U-0091,Eligibility Operations,Member360,eligibility_check,Task Completed,Completed
E-000001507,C-0000181,Document Intake,2025-08-21 16:53:20.738127117,9.55,U-0086,Intake Operations,DocuScan,document_intake,Task Completed,Completed
E-000001508,C-0000181,Document Review,2025-08-21 23:55:40.916390674,69.56,U-0045,Claims Adjudication,DocuScan,document_review,Task Completed,Completed
E-000001509,C-0000181,Medical Necessity Review,2025-08-22 06:30:49.828653814,32.01,U-0015,Clinical Review,PolicyRules,medical_necessity_review,Task Completed,Completed
E-000001510,C-0000181,Nurse Review,2025-08-22 15:03:00.296981174,53.09,U-0033,Clinical Review,PolicyRules,nurse_review,Task Completed,Completed
E-000001511,C-0000181,Medical Director Review,2025-08-23 23:15:00.971418552,167.64,U-0035,Medical Directors,PolicyRules,medical_director_review,Task Completed,Completed
E-000001512,C-0000181,Approval,2025-08-24 03:18:30.955239522,12.48,U-0019,Claims Adjudication,ClaimsCore,approval,Task Completed,Completed
E-000001513,C-0000181,Payment Processing,2025-08-24 04:05:30.587205798,9.51,U-0100,Payment Operations,PaymentHub,payment_processing,Task Completed,Completed
E-000001514,C-0000181,Case Closed,2025-08-24 04:32:18.909474959,9.23,U-0056,Claims Adjudication,ClaimsCore,case_closed,Case Completed,Closed
E-000001515,C-0000182,Claim Received,2025-09-28 18:46:26.582902624,1.83,U-0060,Intake Operations,ClaimsCore,claim_received,Case Created,Completed
E-000001516,C-0000182,Eligibility Check,2025-09-28 19:38:25.109895110,7.51,U-0091,Eligibility Operations,Member360,eligibility_check,Task Completed,Completed
E-000001517,C-0000182,Document Intake,2025-09-28 21:13:08.308470388,8.79,U-0018,Intake Operations,DocuScan,document_intake,Task Completed,Completed
E-000001518,C-0000182,Document Review,2025-09-29 00:28:24.809447528,59.0,U-0055,Claims Adjudication,DocuScan,document_review,Task Completed,Completed
E-000001519,C-0000182,Medical Necessity Review,2025-09-29 11:49:17.747031443,28.94,U-0048,Clinical Review,PolicyRules,medical_necessity_review,Task Completed,Completed
E-000001520,C-0000182,Nurse Review,2025-09-29 16:09:48.433156874,66.71,U-0022,Clinical Review,PolicyRules,nurse_review,Task Completed,Completed
E-000001521,C-0000182,Denial,2025-09-29 20:11:20.256115993,21.97,U-0025,Claims Adjudication,ClaimsCore,denial,Task Completed,Completed
E-000001522,C-0000182,Case Closed,2025-09-29 20:43:30.457646012,4.61,U-0053,Claims Adjudication,ClaimsCore,case_closed,Case Completed,Closed
E-000001523,C-0000183,Claim Received,2025-09-21 15:17:57.254398293,2.54,U-0098,Intake Operations,ClaimsCore,claim_received,Case Created,Completed
E-000001524,C-0000183,Eligibility Check,2025-09-21 16:39:42.698526366,5.94,U-0039,Eligibility Operations,Member360,eligibility_check,Task Completed,Completed
E-000001525,C-0000183,Document Intake,2025-09-21 18:07:53.037770529,7.6,U-0028,Intake Operations,DocuScan,document_intake,Task Completed,Completed
E-000001526,C-0000183,Document Review,2025-09-21 22:35:09.244798534,56.67,U-0004,Claims Adjudication,DocuScan,document_review,Task Completed,Completed
E-000001527,C-0000183,Approval,2025-09-22 01:02:54.424793988,18.0,U-0056,Claims Adjudication,ClaimsCore,approval,Task Completed,Completed
E-000001528,C-0000183,Payment Processing,2025-09-22 07:22:45.020160139,12.81,U-0024,Payment Operations,PaymentHub,payment_processing,Task Completed,Pending
E-000001529,C-0000184,Claim Received,2025-10-05 22:43:32.541574757,5.95,U-0060,Intake Operations,ClaimsCore,claim_received,Case Created,Completed
E-000001530,C-0000184,Eligibility Check,2025-10-05 23:26:28.896219839,8.15,U-0051,Eligibility Operations,Member360,eligibility_check,Task Completed,Completed
E-000001531,C-0000184,Document Intake,2025-10-06 00:16:23.751094059,7.7,U-0098,Intake Operations,DocuScan,document_intake,Task Completed,Completed
E-000001532,C-0000184,Document Review,2025-10-06 08:42:26.614537719,43.35,U-0061,Claims Adjudication,DocuScan,document_review,Task Completed,Completed
E-000001533,C-0000184,Medical Necessity Review,2025-10-06 10:29:47.637903054,101.64,U-0072,Clinical Review,PolicyRules,medical_necessity_review,Task Completed,Completed
E-000001534,C-0000184,Approval,2025-10-06 12:42:03.612671628,17.75,U-0087,Claims Adjudication,ClaimsCore,approval,Task Completed,Completed
E-000001535,C-0000184,Payment Processing,2025-10-06 14:43:42.295415031,32.55,U-0006,Payment Operations,PaymentHub,payment_processing,Task Completed,Completed
E-000001536,C-0000184,Case Closed,2025-10-06 15:35:02.407443098,4.43,U-0064,Claims Adjudication,ClaimsCore,case_closed,Case Completed,Closed
E-000001537,C-0000185,Claim Received,2025-09-10 23:20:55.828094018,5.09,U-0086,Intake Operations,ClaimsCore,claim_received,Case Created,Completed
E-000001538,C-0000185,Eligibility Check,2025-09-10 23:33:44.400024243,9.46,U-0039,Eligibility Operations,Member360,eligibility_check,Task Completed,Completed
E-000001539,C-0000185,Document Intake,2025-09-11 00:23:30.607608665,8.23,U-0099,Intake Operations,DocuScan,document_intake,Task Completed,Completed
E-000001540,C-0000185,Document Review,2025-09-11 01:12:41.771524359,35.78,U-0014,Claims Adjudication,DocuScan,document_review,Task Completed,Completed
E-000001541,C-0000185,Approval,2025-09-11 04:05:47.518518710,22.38,U-0056,Claims Adjudication,ClaimsCore,approval,Task Completed,Completed
E-000001542,C-0000185,Payment Processing,2025-09-11 07:44:20.125576316,20.41,U-0023,Payment Operations,PaymentHub,payment_processing,Task Completed,Completed
E-000001543,C-0000185,Case Closed,2025-09-11 08:13:13.218058421,5.89,U-0078,Claims Adjudication,ClaimsCore,case_closed,Case Completed,Closed
E-000001544,C-0000186,Claim Received,2025-10-07 04:43:04.244855570,3.06,U-0085,Intake Operations,ClaimsCore,claim_received,Case Created,Completed
E-000001545,C-0000186,Eligibility Check,2025-10-07 05:29:46.677018437,19.95,U-0039,Eligibility Operations,Member360,eligibility_check,Task Completed,Completed
E-000001546,C-0000186,Document Intake,2025-10-07 07:17:06.482464928,7.24,U-0018,Intake Operations,DocuScan,document_intake,Task Completed,Completed
E-000001547,C-0000186,Document Review,2025-10-07 12:53:44.665423816,31.94,U-0031,Claims Adjudication,DocuScan,document_review,Task Completed,Completed
E-000001548,C-0000186,Approval,2025-10-07 14:36:05.749824286,22.79,U-0054,Claims Adjudication,ClaimsCore,approval,Task Completed,Completed
E-000001549,C-0000186,Payment Processing,2025-10-07 15:50:09.908197530,4.91,U-0023,Payment Operations,PaymentHub,payment_processing,Task Completed,Completed
E-000001550,C-0000186,Case Closed,2025-10-07 16:07:11.117636499,6.61,U-0025,Claims Adjudication,ClaimsCore,case_closed,Case Completed,Closed
E-000001551,C-0000187,Claim Received,2025-11-29 01:27:04.715874190,2.64,U-0005,Intake Operations,ClaimsCore,claim_received,Case Created,Completed
E-000001552,C-0000187,Eligibility Check,2025-11-29 02:28:39.741043299,7.74,U-0029,Eligibility Operations,Member360,eligibility_check,Task Completed,Completed
E-000001553,C-0000187,Document Intake,2025-11-29 04:41:52.503168582,8.97,U-0098,Intake Operations,DocuScan,document_intake,Task Completed,Completed
E-000001554,C-0000187,Document Review,2025-11-29 06:01:31.134347298,44.12,U-0003,Claims Adjudication,DocuScan,document_review,Task Completed,Completed
E-000001555,C-0000187,Approval,2025-11-29 07:48:31.826454787,10.66,U-0080,Claims Adjudication,ClaimsCore,approval,Task Completed,Completed
E-000001556,C-0000187,Payment Processing,2025-11-29 12:28:57.850474129,18.8,U-0006,Payment Operations,PaymentHub,payment_processing,Task Completed,Completed
E-000001557,C-0000187,Case Closed,2025-11-29 12:52:10.335152895,3.92,U-0003,Claims Adjudication,ClaimsCore,case_closed,Case Completed,Closed
E-000001558,C-0000188,Claim Received,2025-09-18 12:39:49.576970273,5.02,U-0052,Intake Operations,ClaimsCore,claim_received,Case Created,Completed
E-000001559,C-0000188,Eligibility Check,2025-09-18 12:54:33.974813270,15.78,U-0016,Eligibility Operations,Member360,eligibility_check,Task Completed,Completed
E-000001560,C-0000188,Document Intake,2025-09-18 13:11:19.448146959,7.6,U-0069,Intake Operations,DocuScan,document_intake,Task Completed,Completed
E-000001561,C-0000188,Document Review,2025-09-18 14:50:55.988994212,45.22,U-0014,Claims Adjudication,DocuScan,document_review,Task Completed,Completed
E-000001562,C-0000188,Denial,2025-09-18 16:04:51.008459632,15.11,U-0004,Claims Adjudication,ClaimsCore,denial,Task Completed,Completed
E-000001563,C-0000188,Case Closed,2025-09-18 16:51:24.589476590,7.7,U-0046,Claims Adjudication,ClaimsCore,case_closed,Case Completed,Closed
E-000001564,C-0000189,Claim Received,2025-09-05 03:14:18.106481788,3.93,U-0098,Intake Operations,ClaimsCore,claim_received,Case Created,Completed
E-000001565,C-0000189,Eligibility Check,2025-09-05 04:32:40.880080180,8.92,U-0051,Eligibility Operations,Member360,eligibility_check,Task Completed,Completed
E-000001566,C-0000189,Document Intake,2025-09-05 04:56:30.060154069,10.6,U-0005,Intake Operations,DocuScan,document_intake,Task Completed,Completed
E-000001567,C-0000189,Document Review,2025-09-05 06:33:44.909213998,41.6,U-0004,Claims Adjudication,DocuScan,document_review,Task Completed,Completed
E-000001568,C-0000189,Approval,2025-09-05 09:56:39.403952410,9.33,U-0080,Claims Adjudication,ClaimsCore,approval,Task Completed,Completed
E-000001569,C-0000189,Payment Processing,2025-09-05 16:25:30.521986355,15.21,U-0006,Payment Operations,PaymentHub,payment_processing,Task Completed,Completed
E-000001570,C-0000189,Case Closed,2025-09-05 17:06:46.183310888,2.39,U-0049,Claims Adjudication,ClaimsCore,case_closed,Case Completed,Closed
E-000001571,C-0000190,Claim Received,2025-07-25 02:40:22.663770373,3.95,U-0086,Intake Operations,ClaimsCore,claim_received,Case Created,Completed
E-000001572,C-0000190,Eligibility Check,2025-07-25 03:32:35.229843034,9.05,U-0089,Eligibility Operations,Member360,eligibility_check,Task Completed,Completed
E-000001573,C-0000190,Document Intake,2025-07-25 04:04:14.851134109,6.74,U-0086,Intake Operations,DocuScan,document_intake,Task Completed,Completed
E-000001574,C-0000190,Document Review,2025-07-25 08:43:50.138569613,74.85,U-0056,Claims Adjudication,DocuScan,document_review,Task Completed,Completed
E-000001575,C-0000190,Approval,2025-07-25 11:56:09.741242957,7.81,U-0025,Claims Adjudication,ClaimsCore,approval,Task Completed,Completed
E-000001576,C-0000190,Payment Processing,2025-07-25 16:25:46.110374105,12.51,U-0032,Payment Operations,PaymentHub,payment_processing,Task Completed,Completed
E-000001577,C-0000190,Case Closed,2025-07-25 16:46:22.376201899,5.02,U-0040,Claims Adjudication,ClaimsCore,case_closed,Case Completed,Closed
E-000001578,C-0000191,Claim Received,2025-09-04 20:06:52.313594845,2.41,U-0069,Intake Operations,ClaimsCore,claim_received,Case Created,Completed
E-000001579,C-0000191,Eligibility Check,2025-09-04 20:30:05.503970803,12.65,U-0039,Eligibility Operations,Member360,eligibility_check,Task Completed,Completed
E-000001580,C-0000191,Document Intake,2025-09-04 21:25:13.976946056,4.59,U-0099,Intake Operations,DocuScan,document_intake,Task Completed,Completed
E-000001581,C-0000191,Document Review,2025-09-04 22:43:13.128533582,68.17,U-0045,Claims Adjudication,DocuScan,document_review,Task Completed,Completed
E-000001582,C-0000191,Denial,2025-09-05 00:44:45.871719768,23.72,U-0080,Claims Adjudication,ClaimsCore,denial,Task Completed,Completed
E-000001583,C-0000191,Case Closed,2025-09-05 01:40:36.253228704,3.74,U-0031,Claims Adjudication,ClaimsCore,case_closed,Case Completed,Closed
E-000001584,C-0000192,Claim Received,2025-07-23 23:56:08.612701123,2.58,U-0099,Intake Operations,ClaimsCore,claim_received,Case Created,Completed
E-000001585,C-0000192,Eligibility Check,2025-07-24 00:07:45.443729600,7.94,U-0016,Eligibility Operations,Member360,eligibility_check,Task Completed,Completed
E-000001586,C-0000192,Document Intake,2025-07-24 01:45:13.063325980,8.33,U-0052,Intake Operations,DocuScan,document_intake,Task Completed,Completed
E-000001587,C-0000192,Document Review,2025-07-24 03:10:15.175059472,79.85,U-0055,Claims Adjudication,DocuScan,document_review,Task Completed,Completed
E-000001588,C-0000192,Provider Clarification,2025-07-25 04:03:07.815317248,33.34,U-0017,Provider Services,ProviderPortal,provider_clarification,Task Completed,Completed
E-000001589,C-0000192,Document Review,2025-07-25 18:56:50.459123344,95.89,U-0081,Claims Adjudication,DocuScan,document_review,Task Completed,Completed
E-000001590,C-0000192,Medical Necessity Review,2025-07-25 22:54:15.357389820,124.06,U-0077,Clinical Review,PolicyRules,medical_necessity_review,Task Completed,Completed
E-000001591,C-0000192,Nurse Review,2025-07-26 08:39:46.578788345,89.75,U-0048,Clinical Review,PolicyRules,nurse_review,Task Completed,Completed
E-000001592,C-0000192,Approval,2025-07-26 11:12:39.629535963,5.46,U-0001,Claims Adjudication,ClaimsCore,approval,Task Completed,Completed
E-000001593,C-0000192,Payment Processing,2025-07-26 19:49:26.692071303,21.77,U-0006,Payment Operations,PaymentHub,payment_processing,Task Completed,Completed
E-000001594,C-0000192,Case Closed,2025-07-26 20:40:22.011465298,2.94,U-0042,Claims Adjudication,ClaimsCore,case_closed,Case Completed,Closed
E-000001595,C-0000193,Claim Received,2025-08-03 09:34:23.452348165,3.7,U-0086,Intake Operations,ClaimsCore,claim_received,Case Created,Completed
E-000001596,C-0000193,Eligibility Check,2025-08-03 09:42:41.939748481,6.79,U-0091,Eligibility Operations,Member360,eligibility_check,Task Completed,Completed
E-000001597,C-0000193,Document Intake,2025-08-03 10:10:24.442268604,5.19,U-0018,Intake Operations,DocuScan,document_intake,Task Completed,Completed
E-000001598,C-0000193,Document Review,2025-08-03 11:59:15.263204630,60.88,U-0019,Claims Adjudication,DocuScan,document_review,Task Completed,Completed
E-000001599,C-0000193,Approval,2025-08-03 13:36:44.296310943,12.55,U-0080,Claims Adjudication,ClaimsCore,approval,Task Completed,Completed
E-000001600,C-0000193,Payment Processing,2025-08-03 15:16:05.941644520,20.13,U-0006,Payment Operations,PaymentHub,payment_processing,Task Completed,Completed
E-000001601,C-0000193,Case Closed,2025-08-03 15:52:43.693770696,3.82,U-0004,Claims Adjudication,ClaimsCore,case_closed,Case Completed,Closed
E-000001602,C-0000194,Claim Received,2025-12-22 06:21:15.231618187,2.18,U-0099,Intake Operations,ClaimsCore,claim_received,Case Created,Completed
E-000001603,C-0000194,Eligibility Check,2025-12-22 06:39:08.182304324,8.4,U-0051,Eligibility Operations,Member360,eligibility_check,Task Completed,Completed
E-000001604,C-0000194,Document Intake,2025-12-22 06:57:27.266965434,6.26,U-0069,Intake Operations,DocuScan,document_intake,Task Completed,Completed
E-000001605,C-0000194,Document Review,2025-12-22 19:16:47.980213117,40.24,U-0001,Claims Adjudication,DocuScan,document_review,Task Completed,Completed
E-000001606,C-0000194,Approval,2025-12-22 20:38:32.908054914,20.4,U-0080,Claims Adjudication,ClaimsCore,approval,Task Completed,Completed
E-000001607,C-0000194,Payment Processing,2025-12-23 02:41:04.836840815,20.36,U-0023,Payment Operations,PaymentHub,payment_processing,Task Completed,Completed
E-000001608,C-0000194,Case Closed,2025-12-23 03:27:28.543316734,1.98,U-0064,Claims Adjudication,ClaimsCore,case_closed,Case Completed,Closed
E-000001609,C-0000195,Claim Received,2025-07-17 08:45:43.789656100,8.72,U-0028,Intake Operations,ClaimsCore,claim_received,Case Created,Completed
E-000001610,C-0000195,Eligibility Check,2025-07-17 09:13:47.579228773,5.33,U-0051,Eligibility Operations,Member360,eligibility_check,Task Completed,Completed
E-000001611,C-0000195,Document Intake,2025-07-17 09:41:22.902016734,8.33,U-0098,Intake Operations,DocuScan,document_intake,Task Completed,Completed
E-000001612,C-0000195,Document Review,2025-07-17 10:27:47.873007486,35.61,U-0014,Claims Adjudication,DocuScan,document_review,Task Completed,Completed
E-000001613,C-0000195,Medical Necessity Review,2025-07-18 05:05:43.879563029,59.8,U-0095,Clinical Review,PolicyRules,medical_necessity_review,Task Completed,Completed
E-000001614,C-0000195,Approval,2025-07-18 08:09:35.786479903,15.41,U-0055,Claims Adjudication,ClaimsCore,approval,Task Completed,Completed
E-000001615,C-0000195,Payment Processing,2025-07-18 14:59:52.494807335,14.85,U-0006,Payment Operations,PaymentHub,payment_processing,Task Completed,Completed
E-000001616,C-0000195,Case Closed,2025-07-18 15:19:01.358860256,4.93,U-0003,Claims Adjudication,ClaimsCore,case_closed,Case Completed,Closed
E-000001617,C-0000196,Claim Received,2025-09-27 05:05:10.171625869,3.17,U-0028,Intake Operations,ClaimsCore,claim_received,Case Created,Completed
E-000001618,C-0000196,Eligibility Check,2025-09-27 05:26:56.889777248,13.03,U-0050,Eligibility Operations,Member360,eligibility_check,Task Completed,Completed
E-000001619,C-0000196,Document Intake,2025-09-27 08:07:37.682495564,4.61,U-0086,Intake Operations,DocuScan,document_intake,Task Completed,Completed
E-000001620,C-0000196,Document Review,2025-09-27 10:57:18.842818922,30.63,U-0021,Claims Adjudication,DocuScan,document_review,Task Completed,Completed
E-000001621,C-0000196,Medical Necessity Review,2025-09-28 07:56:14.902015753,57.76,U-0044,Clinical Review,PolicyRules,medical_necessity_review,Task Completed,Completed
E-000001622,C-0000196,Nurse Review,2025-09-28 17:58:29.603883158,50.3,U-0072,Clinical Review,PolicyRules,nurse_review,Task Completed,Completed
E-000001623,C-0000196,Medical Director Review,2025-09-30 23:55:36.613731915,131.32,U-0035,Medical Directors,PolicyRules,medical_director_review,Task Completed,Completed
E-000001624,C-0000196,Approval,2025-10-01 02:30:09.967356370,16.28,U-0053,Claims Adjudication,ClaimsCore,approval,Task Completed,Completed
E-000001625,C-0000196,Payment Processing,2025-10-01 04:25:05.581120459,15.4,U-0012,Payment Operations,PaymentHub,payment_processing,Task Completed,Completed
E-000001626,C-0000196,Case Closed,2025-10-01 04:56:05.587214601,5.06,U-0040,Claims Adjudication,ClaimsCore,case_closed,Case Completed,Closed
E-000001627,C-0000197,Claim Received,2025-11-30 16:15:23.165209619,7.99,U-0098,Intake Operations,ClaimsCore,claim_received,Case Created,Completed
E-000001628,C-0000197,Eligibility Check,2025-11-30 17:05:52.856306956,11.44,U-0089,Eligibility Operations,Member360,eligibility_check,Task Completed,Completed
E-000001629,C-0000197,Document Intake,2025-11-30 17:53:26.114836315,6.98,U-0098,Intake Operations,DocuScan,document_intake,Task Completed,Completed
E-000001630,C-0000197,Document Review,2025-11-30 20:12:18.328292410,32.3,U-0021,Claims Adjudication,DocuScan,document_review,Task Completed,Completed
E-000001631,C-0000197,Medical Necessity Review,2025-11-30 21:34:44.345490748,92.0,U-0034,Clinical Review,PolicyRules,medical_necessity_review,Task Completed,Completed
E-000001632,C-0000197,Nurse Review,2025-12-01 09:12:46.587763518,40.32,U-0097,Clinical Review,PolicyRules,nurse_review,Task Completed,Completed
E-000001633,C-0000197,Approval,2025-12-01 12:27:43.998014532,20.92,U-0061,Claims Adjudication,ClaimsCore,approval,Task Completed,Completed
E-000001634,C-0000197,Payment Processing,2025-12-01 17:57:48.796413190,8.8,U-0100,Payment Operations,PaymentHub,payment_processing,Task Completed,Completed
E-000001635,C-0000197,Case Closed,2025-12-01 18:27:46.350221513,3.65,U-0007,Claims Adjudication,ClaimsCore,case_closed,Case Completed,Closed
E-000001636,C-0000198,Claim Received,2025-12-22 10:29:13.526959378,5.07,U-0085,Intake Operations,ClaimsCore,claim_received,Case Created,Completed
E-000001637,C-0000198,Eligibility Check,2025-12-22 11:04:26.054927421,5.96,U-0091,Eligibility Operations,Member360,eligibility_check,Task Completed,Completed
E-000001638,C-0000198,Document Intake,2025-12-22 12:25:02.006815136,8.69,U-0099,Intake Operations,DocuScan,document_intake,Task Completed,Completed
E-000001639,C-0000198,Document Review,2025-12-22 17:15:37.014656422,35.82,U-0025,Claims Adjudication,DocuScan,document_review,Task Completed,Completed
E-000001640,C-0000198,Approval,2025-12-22 20:22:10.995368873,20.54,U-0031,Claims Adjudication,ClaimsCore,approval,Task Completed,Completed
E-000001641,C-0000198,Payment Processing,2025-12-23 01:30:06.040358286,21.48,U-0024,Payment Operations,PaymentHub,payment_processing,Task Completed,Completed
E-000001642,C-0000198,Case Closed,2025-12-23 02:01:47.847255217,5.43,U-0040,Claims Adjudication,ClaimsCore,case_closed,Case Completed,Closed
E-000001643,C-0000199,Claim Received,2025-07-27 20:25:09.479604880,4.52,U-0099,Intake Operations,ClaimsCore,claim_received,Case Created,Completed
E-000001644,C-0000199,Eligibility Check,2025-07-27 21:00:55.191776238,6.67,U-0059,Eligibility Operations,Member360,eligibility_check,Task Completed,Completed
E-000001645,C-0000199,Document Intake,2025-07-27 22:05:10.195232945,15.39,U-0060,Intake Operations,DocuScan,document_intake,Task Completed,Completed
E-000001646,C-0000199,Document Review,2025-07-27 23:34:52.839392471,98.49,U-0008,Claims Adjudication,DocuScan,document_review,Task Completed,Completed
E-000001647,C-0000199,Medical Necessity Review,2025-07-28 10:52:07.334833431,134.97,U-0077,Clinical Review,PolicyRules,medical_necessity_review,Task Completed,Completed
E-000001648,C-0000199,Nurse Review,2025-07-29 00:38:08.160272643,38.23,U-0095,Clinical Review,PolicyRules,nurse_review,Task Completed,Completed
E-000001649,C-0000199,Medical Director Review,2025-07-29 14:57:44.449502879,126.93,U-0062,Medical Directors,PolicyRules,medical_director_review,Task Completed,Completed
E-000001650,C-0000199,Approval,2025-07-29 17:45:20.082603353,16.08,U-0014,Claims Adjudication,ClaimsCore,approval,Task Completed,Completed
E-000001651,C-0000199,Payment Processing,2025-07-29 23:26:31.427725609,70.92,U-0023,Payment Operations,PaymentHub,payment_processing,Task Completed,Completed
E-000001652,C-0000199,Case Closed,2025-07-30 00:49:30.039625202,4.08,U-0056,Claims Adjudication,ClaimsCore,case_closed,Case Completed,Closed
E-000001653,C-0000200,Claim Received,2025-07-30 22:26:13.163154527,3.61,U-0060,Intake Operations,ClaimsCore,claim_received,Case Created,Completed
E-000001654,C-0000200,Eligibility Check,2025-07-30 22:41:24.459222242,4.01,U-0071,Eligibility Operations,Member360,eligibility_check,Task Completed,Completed
E-000001655,C-0000200,Document Intake,2025-07-30 23:13:07.175164098,10.95,U-0099,Intake Operations,DocuScan,document_intake,Task Completed,Completed
E-000001656,C-0000200,Document Review,2025-07-31 04:56:49.765020797,36.56,U-0019,Claims Adjudication,DocuScan,document_review,Task Completed,Completed
E-000001657,C-0000200,Approval,2025-07-31 07:45:51.918981218,8.09,U-0001,Claims Adjudication,ClaimsCore,approval,Task Completed,Completed
E-000001658,C-0000200,Payment Processing,2025-07-31 09:53:23.673125415,12.55,U-0024,Payment Operations,PaymentHub,payment_processing,Task Completed,Completed
E-000001659,C-0000200,Case Closed,2025-07-31 10:51:36.704431094,2.92,U-0055,Claims Adjudication,ClaimsCore,case_closed,Case Completed,Closed
E-000001660,C-0000201,Claim Received,2025-09-07 04:27:53.112698572,4.71,U-0085,Intake Operations,ClaimsCore,claim_received,Case Created,Completed
E-000001661,C-0000201,Eligibility Check,2025-09-07 05:46:20.311121067,11.98,U-0029,Eligibility Operations,Member360,eligibility_check,Task Completed,Completed
E-000001662,C-0000201,Document Intake,2025-09-07 07:31:26.701624079,9.93,U-0075,Intake Operations,DocuScan,document_intake,Task Completed,Completed
E-000001663,C-0000201,Document Review,2025-09-07 11:21:35.870592558,41.71,U-0014,Claims Adjudication,DocuScan,document_review,Task Completed,Completed
E-000001664,C-0000201,Approval,2025-09-07 13:49:22.748890175,17.21,U-0001,Claims Adjudication,ClaimsCore,approval,Task Completed,Completed
E-000001665,C-0000201,Payment Processing,2025-09-07 23:40:21.546092909,11.61,U-0024,Payment Operations,PaymentHub,payment_processing,Task Completed,Completed
E-000001666,C-0000201,Case Closed,2025-09-07 23:54:43.024859322,4.83,U-0073,Claims Adjudication,ClaimsCore,case_closed,Case Completed,Closed
E-000001667,C-0000202,Claim Received,2025-10-10 11:01:57.679346103,5.54,U-0052,Intake Operations,ClaimsCore,claim_received,Case Created,Completed
E-000001668,C-0000202,Eligibility Check,2025-10-10 11:16:49.269027120,8.62,U-0016,Eligibility Operations,Member360,eligibility_check,Task Completed,Completed
E-000001669,C-0000202,Document Intake,2025-10-10 11:53:30.795268482,7.31,U-0028,Intake Operations,DocuScan,document_intake,Task Completed,Completed
E-000001670,C-0000202,Document Review,2025-10-10 14:14:26.849781539,33.7,U-0061,Claims Adjudication,DocuScan,document_review,Task Completed,Completed
E-000001671,C-0000202,Medical Necessity Review,2025-10-10 21:22:44.833503697,158.5,U-0093,Clinical Review,PolicyRules,medical_necessity_review,Task Completed,Completed
E-000001672,C-0000202,Approval,2025-10-11 00:48:26.546356917,16.64,U-0030,Claims Adjudication,ClaimsCore,approval,Task Completed,Completed
E-000001673,C-0000202,Payment Processing,2025-10-11 02:06:26.845338353,29.96,U-0006,Payment Operations,PaymentHub,payment_processing,Task Completed,Completed
E-000001674,C-0000202,Case Closed,2025-10-11 03:18:01.294951885,6.53,U-0056,Claims Adjudication,ClaimsCore,case_closed,Case Completed,Closed
E-000001675,C-0000203,Claim Received,2025-12-23 15:32:53.811675903,1.93,U-0099,Intake Operations,ClaimsCore,claim_received,Case Created,Completed
E-000001676,C-0000203,Eligibility Check,2025-12-23 15:42:42.781595606,8.82,U-0084,Eligibility Operations,Member360,eligibility_check,Task Completed,Completed
E-000001677,C-0000203,Document Intake,2025-12-23 17:34:26.024120771,5.85,U-0052,Intake Operations,DocuScan,document_intake,Task Completed,Completed
E-000001678,C-0000203,Document Review,2025-12-23 18:59:34.332659910,54.7,U-0055,Claims Adjudication,DocuScan,document_review,Task Completed,Completed
E-000001679,C-0000203,Medical Necessity Review,2025-12-23 22:26:27.817122674,92.12,U-0010,Clinical Review,PolicyRules,medical_necessity_review,Task Completed,Completed
E-000001680,C-0000203,Nurse Review,2025-12-24 01:39:26.428512124,67.98,U-0011,Clinical Review,PolicyRules,nurse_review,Task Completed,Completed
E-000001681,C-0000203,Approval,2025-12-24 06:44:27.545468607,9.59,U-0046,Claims Adjudication,ClaimsCore,approval,Task Completed,Completed
E-000001682,C-0000203,Payment Processing,2025-12-24 07:52:58.636276038,19.12,U-0032,Payment Operations,PaymentHub,payment_processing,Task Completed,Completed
E-000001683,C-0000203,Case Closed,2025-12-24 08:37:37.453500181,5.41,U-0043,Claims Adjudication,ClaimsCore,case_closed,Case Completed,Closed
E-000001684,C-0000204,Claim Received,2025-08-08 00:18:24.951957307,2.35,U-0060,Intake Operations,ClaimsCore,claim_received,Case Created,Completed
E-000001685,C-0000204,Eligibility Check,2025-08-08 00:38:57.040302082,17.63,U-0059,Eligibility Operations,Member360,eligibility_check,Task Completed,Completed
E-000001686,C-0000204,Document Intake,2025-08-08 02:07:23.195802100,5.38,U-0085,Intake Operations,DocuScan,document_intake,Task Completed,Completed
E-000001687,C-0000204,Document Review,2025-08-08 04:14:54.986602514,33.87,U-0030,Claims Adjudication,DocuScan,document_review,Task Completed,Completed
E-000001688,C-0000204,Medical Necessity Review,2025-08-08 10:30:31.222996663,73.05,U-0095,Clinical Review,PolicyRules,medical_necessity_review,Task Completed,Completed
E-000001689,C-0000204,Nurse Review,2025-08-08 16:25:20.317946274,42.02,U-0041,Clinical Review,PolicyRules,nurse_review,Task Completed,Completed
E-000001690,C-0000204,Medical Director Review,2025-08-09 04:43:42.624393176,160.34,U-0090,Medical Directors,PolicyRules,medical_director_review,Task Completed,Completed
E-000001691,C-0000204,Approval,2025-08-09 08:23:21.038392160,13.7,U-0030,Claims Adjudication,ClaimsCore,approval,Task Completed,Completed
E-000001692,C-0000204,Payment Processing,2025-08-09 13:03:30.269172051,13.49,U-0023,Payment Operations,PaymentHub,payment_processing,Task Completed,Completed
E-000001693,C-0000204,Case Closed,2025-08-09 14:22:28.890199257,6.19,U-0043,Claims Adjudication,ClaimsCore,case_closed,Case Completed,Closed
E-000001694,C-0000205,Claim Received,2025-07-31 02:04:49.812257768,3.44,U-0005,Intake Operations,ClaimsCore,claim_received,Case Created,Completed
E-000001695,C-0000205,Eligibility Check,2025-07-31 02:36:34.031328698,6.88,U-0089,Eligibility Operations,Member360,eligibility_check,Task Completed,Completed
E-000001696,C-0000205,Document Intake,2025-07-31 04:05:23.616778455,7.7,U-0060,Intake Operations,DocuScan,document_intake,Task Completed,Completed
E-000001697,C-0000205,Document Review,2025-07-31 07:55:18.947038214,46.75,U-0031,Claims Adjudication,DocuScan,document_review,Task Completed,Completed
E-000001698,C-0000205,Medical Necessity Review,2025-07-31 11:51:42.908659670,71.28,U-0002,Clinical Review,PolicyRules,medical_necessity_review,Task Completed,Completed
E-000001699,C-0000205,Nurse Review,2025-07-31 15:22:41.135912390,84.96,U-0034,Clinical Review,PolicyRules,nurse_review,Task Completed,Completed
E-000001700,C-0000205,Medical Director Review,2025-08-01 10:41:15.960003511,68.0,U-0062,Medical Directors,PolicyRules,medical_director_review,Task Completed,Completed
E-000001701,C-0000205,Approval,2025-08-01 12:19:48.161314447,17.16,U-0025,Claims Adjudication,ClaimsCore,approval,Task Completed,Completed
E-000001702,C-0000205,Payment Processing,2025-08-01 17:52:58.078823034,16.09,U-0100,Payment Operations,PaymentHub,payment_processing,Task Completed,Completed
E-000001703,C-0000205,Case Closed,2025-08-01 18:26:07.876116675,4.13,U-0045,Claims Adjudication,ClaimsCore,case_closed,Case Completed,Closed
E-000001704,C-0000206,Claim Received,2025-08-16 08:00:37.487727477,3.36,U-0060,Intake Operations,ClaimsCore,claim_received,Case Created,Completed
E-000001705,C-0000206,Eligibility Check,2025-08-16 08:30:02.444670108,7.51,U-0059,Eligibility Operations,Member360,eligibility_check,Task Completed,Completed
E-000001706,C-0000206,Document Intake,2025-08-16 09:50:43.416572952,19.38,U-0028,Intake Operations,DocuScan,document_intake,Task Completed,Completed
E-000001707,C-0000206,Document Review,2025-08-16 14:47:09.499810106,42.3,U-0025,Claims Adjudication,DocuScan,document_review,Task Completed,Completed
E-000001708,C-0000206,Medical Necessity Review,2025-08-17 01:09:15.417228114,139.65,U-0034,Clinical Review,PolicyRules,medical_necessity_review,Task Completed,Completed
E-000001709,C-0000206,Nurse Review,2025-08-17 05:30:24.977079310,34.95,U-0077,Clinical Review,PolicyRules,nurse_review,Task Completed,Completed
E-000001710,C-0000206,Medical Director Review,2025-08-17 19:01:35.115510929,61.08,U-0062,Medical Directors,PolicyRules,medical_director_review,Task Completed,Completed
E-000001711,C-0000206,Approval,2025-08-17 20:52:31.055954651,7.86,U-0031,Claims Adjudication,ClaimsCore,approval,Task Completed,Completed
E-000001712,C-0000206,Payment Processing,2025-08-17 22:08:29.387594522,9.49,U-0032,Payment Operations,PaymentHub,payment_processing,Task Completed,Completed
E-000001713,C-0000206,Case Closed,2025-08-17 22:58:06.237259617,9.97,U-0043,Claims Adjudication,ClaimsCore,case_closed,Case Completed,Closed
E-000001714,C-0000207,Claim Received,2025-12-08 00:03:59.616558746,3.01,U-0085,Intake Operations,ClaimsCore,claim_received,Case Created,Completed
E-000001715,C-0000207,Eligibility Check,2025-12-08 00:20:58.240394999,11.97,U-0036,Eligibility Operations,Member360,eligibility_check,Task Completed,Completed
E-000001716,C-0000207,Document Intake,2025-12-08 01:45:55.213219300,7.77,U-0075,Intake Operations,DocuScan,document_intake,Task Completed,Completed
E-000001717,C-0000207,Document Review,2025-12-08 05:03:22.771950478,36.53,U-0053,Claims Adjudication,DocuScan,document_review,Task Completed,Completed
E-000001718,C-0000207,Approval,2025-12-08 08:34:42.322546878,13.03,U-0031,Claims Adjudication,ClaimsCore,approval,Task Completed,Completed
E-000001719,C-0000207,Payment Processing,2025-12-08 13:23:09.444731267,14.17,U-0023,Payment Operations,PaymentHub,payment_processing,Task Completed,Completed
E-000001720,C-0000207,Case Closed,2025-12-08 14:17:47.148173831,6.17,U-0081,Claims Adjudication,ClaimsCore,case_closed,Case Completed,Closed
E-000001721,C-0000208,Claim Received,2025-07-06 12:01:02.234180185,4.45,U-0085,Intake Operations,ClaimsCore,claim_received,Case Created,Completed
E-000001722,C-0000208,Eligibility Check,2025-07-06 12:24:22.417348738,15.66,U-0039,Eligibility Operations,Member360,eligibility_check,Task Completed,Completed
E-000001723,C-0000208,Document Intake,2025-07-06 14:01:29.915402228,8.86,U-0098,Intake Operations,DocuScan,document_intake,Task Completed,Completed
E-000001724,C-0000208,Document Review,2025-07-06 17:46:50.862092949,64.09,U-0004,Claims Adjudication,DocuScan,document_review,Task Completed,Completed
E-000001725,C-0000208,Provider Clarification,2025-07-07 00:15:33.110248338,46.59,U-0013,Provider Services,ProviderPortal,provider_clarification,Task Completed,Completed
E-000001726,C-0000208,Document Review,2025-07-07 08:45:37.323266249,38.93,U-0087,Claims Adjudication,DocuScan,document_review,Task Completed,Completed
E-000001727,C-0000208,Approval,2025-07-07 11:15:42.611088682,19.95,U-0054,Claims Adjudication,ClaimsCore,approval,Task Completed,Completed
E-000001728,C-0000208,Payment Processing,2025-07-07 21:59:37.117521391,16.78,U-0100,Payment Operations,PaymentHub,payment_processing,Task Completed,Completed
E-000001729,C-0000208,Case Closed,2025-07-07 22:37:08.276563881,6.36,U-0043,Claims Adjudication,ClaimsCore,case_closed,Case Completed,Closed
E-000001730,C-0000209,Claim Received,2025-09-08 13:39:09.848932246,5.08,U-0060,Intake Operations,ClaimsCore,claim_received,Case Created,Completed
E-000001731,C-0000209,Eligibility Check,2025-09-08 14:11:15.263959847,14.61,U-0016,Eligibility Operations,Member360,eligibility_check,Task Completed,Completed
E-000001732,C-0000209,Member Info Correction,2025-09-08 18:55:03.315863767,32.22,U-0029,Eligibility Operations,Member360,member_info_correction,Task Completed,Completed
E-000001733,C-0000209,Eligibility Check,2025-09-08 20:44:25.017336785,13.49,U-0029,Eligibility Operations,Member360,eligibility_check,Task Completed,Completed
E-000001734,C-0000209,Document Intake,2025-09-08 22:48:01.394185803,17.77,U-0052,Intake Operations,DocuScan,document_intake,Task Completed,Completed
E-000001735,C-0000209,Document Review,2025-09-09 05:21:48.667810279,29.54,U-0040,Claims Adjudication,DocuScan,document_review,Task Completed,Completed
E-000001736,C-0000209,Approval,2025-09-09 06:43:49.577260411,17.93,U-0025,Claims Adjudication,ClaimsCore,approval,Task Completed,Completed
E-000001737,C-0000209,Payment Processing,2025-09-09 10:02:24.323255213,17.79,U-0012,Payment Operations,PaymentHub,payment_processing,Task Completed,Completed
E-000001738,C-0000209,Case Closed,2025-09-09 10:57:35.073316814,4.72,U-0053,Claims Adjudication,ClaimsCore,case_closed,Case Completed,Closed
E-000001739,C-0000210,Claim Received,2025-07-22 18:37:24.165229244,4.12,U-0060,Intake Operations,ClaimsCore,claim_received,Case Created,Completed
E-000001740,C-0000210,Eligibility Check,2025-07-22 20:38:38.013141568,10.89,U-0059,Eligibility Operations,Member360,eligibility_check,Task Completed,Completed
E-000001741,C-0000210,Document Intake,2025-07-22 21:33:48.731103190,8.37,U-0018,Intake Operations,DocuScan,document_intake,Task Completed,Completed
E-000001742,C-0000210,Document Review,2025-07-23 02:30:00.680351375,67.36,U-0001,Claims Adjudication,DocuScan,document_review,Task Completed,Completed
E-000001743,C-0000210,Approval,2025-07-23 04:45:19.084393634,12.93,U-0053,Claims Adjudication,ClaimsCore,approval,Task Completed,Completed
E-000001744,C-0000210,Payment Processing,2025-07-24 00:35:34.296909495,17.06,U-0023,Payment Operations,PaymentHub,payment_processing,Task Completed,Completed
E-000001745,C-0000210,Case Closed,2025-07-24 01:08:39.433274290,6.75,U-0045,Claims Adjudication,ClaimsCore,case_closed,Case Completed,Closed
E-000001746,C-0000211,Claim Received,2025-07-29 17:56:02.438995310,2.4,U-0060,Intake Operations,ClaimsCore,claim_received,Case Created,Completed
E-000001747,C-0000211,Eligibility Check,2025-07-29 18:29:38.443715024,5.77,U-0037,Eligibility Operations,Member360,eligibility_check,Task Completed,Completed
E-000001748,C-0000211,Document Intake,2025-07-29 19:18:04.957092311,7.19,U-0028,Intake Operations,DocuScan,document_intake,Task Completed,Completed
E-000001749,C-0000211,Document Review,2025-07-29 19:55:41.640926115,62.12,U-0025,Claims Adjudication,DocuScan,document_review,Task Completed,Completed
E-000001750,C-0000211,Provider Clarification,2025-07-30 15:21:55.996697903,37.17,U-0067,Provider Services,ProviderPortal,provider_clarification,Task Completed,Completed
E-000001751,C-0000211,Document Review,2025-07-30 20:39:00.898981665,30.82,U-0007,Claims Adjudication,DocuScan,document_review,Task Completed,Completed
E-000001752,C-0000211,Medical Necessity Review,2025-07-31 06:47:09.553743220,69.74,U-0022,Clinical Review,PolicyRules,medical_necessity_review,Task Completed,Completed
E-000001753,C-0000211,Nurse Review,2025-07-31 20:17:00.751971011,51.71,U-0077,Clinical Review,PolicyRules,nurse_review,Task Completed,Completed
E-000001754,C-0000211,Medical Director Review,2025-08-02 01:21:22.484338379,163.44,U-0038,Medical Directors,PolicyRules,medical_director_review,Task Completed,Completed
E-000001755,C-0000211,Denial,2025-08-02 07:12:09.674380653,15.04,U-0080,Claims Adjudication,ClaimsCore,denial,Task Completed,Completed
E-000001756,C-0000211,Case Closed,2025-08-02 08:12:43.803507250,5.84,U-0053,Claims Adjudication,ClaimsCore,case_closed,Case Completed,Closed
E-000001757,C-0000212,Claim Received,2025-12-15 18:56:26.218646603,3.82,U-0069,Intake Operations,ClaimsCore,claim_received,Case Created,Completed
E-000001758,C-0000212,Eligibility Check,2025-12-15 19:40:36.399742548,8.98,U-0026,Eligibility Operations,Member360,eligibility_check,Task Completed,Completed
E-000001759,C-0000212,Document Intake,2025-12-15 20:15:36.582598901,5.59,U-0098,Intake Operations,DocuScan,document_intake,Task Completed,Completed
E-000001760,C-0000212,Document Review,2025-12-16 02:30:01.053936265,36.21,U-0040,Claims Adjudication,DocuScan,document_review,Task Completed,Completed
E-000001761,C-0000212,Approval,2025-12-16 04:18:05.372632047,11.4,U-0025,Claims Adjudication,ClaimsCore,approval,Task Completed,Completed
E-000001762,C-0000212,Payment Processing,2025-12-16 07:56:46.144244023,16.1,U-0100,Payment Operations,PaymentHub,payment_processing,Task Completed,Completed
E-000001763,C-0000212,Case Closed,2025-12-16 08:18:13.307120524,3.96,U-0030,Claims Adjudication,ClaimsCore,case_closed,Case Completed,Closed
E-000001764,C-0000213,Claim Received,2025-07-01 07:19:02.516381836,4.12,U-0018,Intake Operations,ClaimsCore,claim_received,Case Created,Completed
E-000001765,C-0000213,Eligibility Check,2025-07-01 08:22:25.416477417,9.65,U-0051,Eligibility Operations,Member360,eligibility_check,Task Completed,Completed
E-000001766,C-0000213,Document Intake,2025-07-01 08:34:29.969185954,10.82,U-0086,Intake Operations,DocuScan,document_intake,Task Completed,Completed
E-000001767,C-0000213,Document Review,2025-07-01 12:36:03.510112764,31.94,U-0008,Claims Adjudication,DocuScan,document_review,Task Completed,Completed
E-000001768,C-0000213,Medical Necessity Review,2025-07-01 21:00:25.115314327,73.81,U-0015,Clinical Review,PolicyRules,medical_necessity_review,Task Completed,Completed
E-000001769,C-0000213,Nurse Review,2025-07-02 03:04:47.134121138,58.93,U-0002,Clinical Review,PolicyRules,nurse_review,Task Completed,Completed
E-000001770,C-0000213,Approval,2025-07-02 05:14:20.514596662,10.94,U-0073,Claims Adjudication,ClaimsCore,approval,Task Completed,Completed
E-000001771,C-0000213,Payment Processing,2025-07-02 08:28:35.639556818,10.1,U-0024,Payment Operations,PaymentHub,payment_processing,Task Completed,Completed
E-000001772,C-0000213,Case Closed,2025-07-02 08:50:35.055831225,4.29,U-0080,Claims Adjudication,ClaimsCore,case_closed,Case Completed,Closed
E-000001773,C-0000214,Claim Received,2025-08-28 20:13:02.285074617,6.05,U-0005,Intake Operations,ClaimsCore,claim_received,Case Created,Completed
E-000001774,C-0000214,Eligibility Check,2025-08-28 20:34:04.271686728,13.49,U-0009,Eligibility Operations,Member360,eligibility_check,Task Completed,Completed
E-000001775,C-0000214,Document Intake,2025-08-28 22:44:11.034236195,7.72,U-0052,Intake Operations,DocuScan,document_intake,Task Completed,Completed
E-000001776,C-0000214,Document Review,2025-08-29 06:40:50.468528030,32.86,U-0061,Claims Adjudication,DocuScan,document_review,Task Completed,Completed
E-000001777,C-0000214,Medical Necessity Review,2025-08-29 16:32:43.137352579,85.93,U-0041,Clinical Review,PolicyRules,medical_necessity_review,Task Completed,Completed
E-000001778,C-0000214,Nurse Review,2025-08-30 05:59:16.950458885,42.04,U-0082,Clinical Review,PolicyRules,nurse_review,Task Completed,Completed
E-000001779,C-0000214,Medical Director Review,2025-08-30 08:57:59.004238088,103.79,U-0035,Medical Directors,PolicyRules,medical_director_review,Task Completed,Completed
E-000001780,C-0000214,Approval,2025-08-30 12:37:01.359500512,12.86,U-0008,Claims Adjudication,ClaimsCore,approval,Task Completed,Completed
E-000001781,C-0000214,Payment Processing,2025-08-30 16:40:18.932021241,13.87,U-0100,Payment Operations,PaymentHub,payment_processing,Task Completed,Completed
E-000001782,C-0000214,Case Closed,2025-08-30 16:59:51.456380255,3.25,U-0021,Claims Adjudication,ClaimsCore,case_closed,Case Completed,Closed
E-000001783,C-0000215,Claim Received,2025-12-15 12:38:10.031814139,4.63,U-0052,Intake Operations,ClaimsCore,claim_received,Case Created,Completed
E-000001784,C-0000215,Eligibility Check,2025-12-15 13:24:16.390680926,9.2,U-0009,Eligibility Operations,Member360,eligibility_check,Task Completed,Completed
E-000001785,C-0000215,Document Intake,2025-12-15 14:58:58.310351644,8.39,U-0052,Intake Operations,DocuScan,document_intake,Task Completed,Completed
E-000001786,C-0000215,Document Review,2025-12-16 00:14:39.698453295,77.47,U-0045,Claims Adjudication,DocuScan,document_review,Task Completed,Completed
E-000001787,C-0000215,Medical Necessity Review,2025-12-16 01:37:20.941044407,73.16,U-0033,Clinical Review,PolicyRules,medical_necessity_review,Task Completed,Completed
E-000001788,C-0000215,Nurse Review,2025-12-16 10:42:34.268378220,60.56,U-0070,Clinical Review,PolicyRules,nurse_review,Task Completed,Completed
E-000001789,C-0000215,Medical Director Review,2025-12-17 08:07:39.253247317,290.67,U-0035,Medical Directors,PolicyRules,medical_director_review,Task Completed,Completed
E-000001790,C-0000215,Approval,2025-12-17 13:48:42.901836396,8.22,U-0040,Claims Adjudication,ClaimsCore,approval,Task Completed,Completed
E-000001791,C-0000215,Payment Processing,2025-12-17 15:49:17.867266083,19.24,U-0023,Payment Operations,PaymentHub,payment_processing,Task Completed,Completed
E-000001792,C-0000215,Case Closed,2025-12-17 16:46:43.182462977,4.39,U-0083,Claims Adjudication,ClaimsCore,case_closed,Case Completed,Closed
E-000001793,C-0000216,Claim Received,2025-10-20 07:00:25.842248292,3.69,U-0086,Intake Operations,ClaimsCore,claim_received,Case Created,Completed
E-000001794,C-0000216,Eligibility Check,2025-10-20 07:36:55.524305399,9.29,U-0039,Eligibility Operations,Member360,eligibility_check,Task Completed,Completed
E-000001795,C-0000216,Document Intake,2025-10-20 07:55:26.932261864,6.76,U-0085,Intake Operations,DocuScan,document_intake,Task Completed,Completed
E-000001796,C-0000216,Document Review,2025-10-20 09:35:38.393927832,45.22,U-0064,Claims Adjudication,DocuScan,document_review,Task Completed,Completed
E-000001797,C-0000216,Approval,2025-10-20 13:11:29.978901149,10.82,U-0078,Claims Adjudication,ClaimsCore,approval,Task Completed,Completed
E-000001798,C-0000216,Payment Processing,2025-10-21 04:38:12.694345229,8.69,U-0023,Payment Operations,PaymentHub,payment_processing,Task Completed,Completed
E-000001799,C-0000216,Case Closed,2025-10-21 05:18:51.696576828,4.6,U-0045,Claims Adjudication,ClaimsCore,case_closed,Case Completed,Closed
E-000001800,C-0000217,Claim Received,2025-07-14 03:12:18.497470811,4.09,U-0060,Intake Operations,ClaimsCore,claim_received,Case Created,Completed
E-000001801,C-0000217,Eligibility Check,2025-07-14 04:11:48.379824750,7.25,U-0037,Eligibility Operations,Member360,eligibility_check,Task Completed,Completed
E-000001802,C-0000217,Document Intake,2025-07-14 05:34:18.580572035,10.22,U-0060,Intake Operations,DocuScan,document_intake,Task Completed,Completed
E-000001803,C-0000217,Document Review,2025-07-14 06:55:30.776856706,24.45,U-0061,Claims Adjudication,DocuScan,document_review,Task Completed,Completed
E-000001804,C-0000217,Provider Clarification,2025-07-15 00:24:42.296984200,61.2,U-0058,Provider Services,ProviderPortal,provider_clarification,Task Completed,Completed
E-000001805,C-0000217,Document Review,2025-07-15 01:59:04.412721412,19.0,U-0025,Claims Adjudication,DocuScan,document_review,Task Completed,Completed
E-000001806,C-0000217,Approval,2025-07-15 05:12:41.673018130,10.37,U-0061,Claims Adjudication,ClaimsCore,approval,Task Completed,Completed
E-000001807,C-0000217,Payment Processing,2025-07-15 17:32:16.722766875,15.69,U-0032,Payment Operations,PaymentHub,payment_processing,Task Completed,Completed
E-000001808,C-0000217,Case Closed,2025-07-15 18:11:51.757540189,8.91,U-0049,Claims Adjudication,ClaimsCore,case_closed,Case Completed,Closed
E-000001809,C-0000218,Claim Received,2025-09-24 02:23:54.125088447,5.3,U-0069,Intake Operations,ClaimsCore,claim_received,Case Created,Completed
E-000001810,C-0000218,Eligibility Check,2025-09-24 02:33:51.075220832,5.32,U-0089,Eligibility Operations,Member360,eligibility_check,Task Completed,Completed
E-000001811,C-0000218,Document Intake,2025-09-24 03:42:05.430399649,9.28,U-0099,Intake Operations,DocuScan,document_intake,Task Completed,Completed
E-000001812,C-0000218,Document Review,2025-09-24 09:11:24.840993177,51.6,U-0003,Claims Adjudication,DocuScan,document_review,Task Completed,Completed
E-000001813,C-0000218,Medical Necessity Review,2025-09-25 16:48:17.497436300,92.71,U-0047,Clinical Review,PolicyRules,medical_necessity_review,Task Completed,Completed
E-000001814,C-0000218,Denial,2025-09-25 20:07:54.062492651,11.15,U-0008,Claims Adjudication,ClaimsCore,denial,Task Completed,Pending
E-000001815,C-0000219,Claim Received,2025-12-25 16:30:43.784207916,4.93,U-0005,Intake Operations,ClaimsCore,claim_received,Case Created,Completed
E-000001816,C-0000219,Eligibility Check,2025-12-25 17:44:57.973246622,8.82,U-0029,Eligibility Operations,Member360,eligibility_check,Task Completed,Completed
E-000001817,C-0000219,Document Intake,2025-12-25 19:04:37.209617974,7.49,U-0085,Intake Operations,DocuScan,document_intake,Task Completed,Completed
E-000001818,C-0000219,Document Review,2025-12-26 10:52:22.764766397,35.82,U-0043,Claims Adjudication,DocuScan,document_review,Task Completed,Completed
E-000001819,C-0000219,Medical Necessity Review,2025-12-26 17:55:36.499151635,153.9,U-0048,Clinical Review,PolicyRules,medical_necessity_review,Task Completed,Completed
E-000001820,C-0000219,Nurse Review,2025-12-27 03:07:27.983274071,34.58,U-0041,Clinical Review,PolicyRules,nurse_review,Task Completed,Completed
E-000001821,C-0000219,Medical Necessity Review,2025-12-27 11:15:41.612233492,92.53,U-0041,Clinical Review,PolicyRules,medical_necessity_review,Task Completed,Completed
E-000001822,C-0000219,Nurse Review,2025-12-27 15:17:45.677368676,74.36,U-0041,Clinical Review,PolicyRules,nurse_review,Task Completed,Completed
E-000001823,C-0000219,Denial,2025-12-27 20:24:01.564121640,9.51,U-0049,Claims Adjudication,ClaimsCore,denial,Task Completed,Completed
E-000001824,C-0000219,Case Closed,2025-12-27 20:40:46.062996882,4.97,U-0001,Claims Adjudication,ClaimsCore,case_closed,Case Completed,Closed
E-000001825,C-0000220,Claim Received,2025-09-12 06:51:43.167010302,2.96,U-0060,Intake Operations,ClaimsCore,claim_received,Case Created,Completed
E-000001826,C-0000220,Eligibility Check,2025-09-12 07:13:17.843702987,15.33,U-0026,Eligibility Operations,Member360,eligibility_check,Task Completed,Completed
E-000001827,C-0000220,Document Intake,2025-09-12 08:57:46.227249791,14.48,U-0005,Intake Operations,DocuScan,document_intake,Task Completed,Completed
E-000001828,C-0000220,Document Review,2025-09-12 11:08:18.593778752,27.8,U-0040,Claims Adjudication,DocuScan,document_review,Task Completed,Completed
E-000001829,C-0000220,Medical Necessity Review,2025-09-13 00:49:49.966484131,51.0,U-0070,Clinical Review,PolicyRules,medical_necessity_review,Task Completed,Completed
E-000001830,C-0000220,Nurse Review,2025-09-13 16:52:02.443379587,35.54,U-0072,Clinical Review,PolicyRules,nurse_review,Task Completed,Completed
E-000001831,C-0000220,Medical Director Review,2025-09-16 06:12:26.010471766,77.49,U-0062,Medical Directors,PolicyRules,medical_director_review,Task Completed,Completed
E-000001832,C-0000220,Approval,2025-09-16 09:32:53.259087089,22.99,U-0083,Claims Adjudication,ClaimsCore,approval,Task Completed,Completed
E-000001833,C-0000220,Payment Processing,2025-09-16 19:40:32.057677177,26.61,U-0023,Payment Operations,PaymentHub,payment_processing,Task Completed,Completed
E-000001834,C-0000220,Case Closed,2025-09-16 20:21:30.078570348,6.41,U-0049,Claims Adjudication,ClaimsCore,case_closed,Case Completed,Closed
E-000001835,C-0000221,Claim Received,2025-10-05 17:49:20.704383659,6.69,U-0060,Intake Operations,ClaimsCore,claim_received,Case Created,Completed
E-000001836,C-0000221,Eligibility Check,2025-10-05 18:10:49.840078665,9.49,U-0037,Eligibility Operations,Member360,eligibility_check,Task Completed,Completed
E-000001837,C-0000221,Document Intake,2025-10-05 19:33:06.385752997,7.74,U-0052,Intake Operations,DocuScan,document_intake,Task Completed,Completed
E-000001838,C-0000221,Document Review,2025-10-06 01:11:34.563178670,57.24,U-0046,Claims Adjudication,DocuScan,document_review,Task Completed,Completed
E-000001839,C-0000221,Medical Necessity Review,2025-10-06 09:02:06.028106538,129.27,U-0047,Clinical Review,PolicyRules,medical_necessity_review,Task Completed,Completed
E-000001840,C-0000221,Approval,2025-10-06 11:25:30.656864346,30.14,U-0003,Claims Adjudication,ClaimsCore,approval,Task Completed,Completed
E-000001841,C-0000221,Payment Processing,2025-10-06 16:37:18.839336660,28.48,U-0023,Payment Operations,PaymentHub,payment_processing,Task Completed,Completed
E-000001842,C-0000221,Case Closed,2025-10-06 17:17:25.910952377,2.44,U-0021,Claims Adjudication,ClaimsCore,case_closed,Case Completed,Closed
E-000001843,C-0000222,Claim Received,2025-10-06 08:03:48.142142183,3.39,U-0098,Intake Operations,ClaimsCore,claim_received,Case Created,Completed
E-000001844,C-0000222,Eligibility Check,2025-10-06 09:00:59.997255600,12.72,U-0039,Eligibility Operations,Member360,eligibility_check,Task Completed,Completed
E-000001845,C-0000222,Document Intake,2025-10-06 10:02:20.235412428,10.76,U-0085,Intake Operations,DocuScan,document_intake,Task Completed,Completed
E-000001846,C-0000222,Document Review,2025-10-06 12:22:25.720850820,39.05,U-0061,Claims Adjudication,DocuScan,document_review,Task Completed,Completed
E-000001847,C-0000222,Medical Necessity Review,2025-10-06 19:33:47.507870618,54.08,U-0033,Clinical Review,PolicyRules,medical_necessity_review,Task Completed,Completed
E-000001848,C-0000222,Nurse Review,2025-10-06 21:36:39.538162835,83.12,U-0022,Clinical Review,PolicyRules,nurse_review,Task Completed,Completed
E-000001849,C-0000222,Medical Director Review,2025-10-06 23:35:37.843106733,76.36,U-0027,Medical Directors,PolicyRules,medical_director_review,Task Completed,Completed
E-000001850,C-0000222,Approval,2025-10-07 05:00:04.007105195,20.71,U-0064,Claims Adjudication,ClaimsCore,approval,Task Completed,Completed
E-000001851,C-0000222,Payment Processing,2025-10-07 08:42:38.247467243,6.59,U-0023,Payment Operations,PaymentHub,payment_processing,Task Completed,Completed
E-000001852,C-0000222,Case Closed,2025-10-07 09:41:23.112791115,8.06,U-0092,Claims Adjudication,ClaimsCore,case_closed,Case Completed,Closed
E-000001853,C-0000223,Claim Received,2025-10-29 20:41:43.898577692,3.44,U-0075,Intake Operations,ClaimsCore,claim_received,Case Created,Completed
E-000001854,C-0000223,Eligibility Check,2025-10-29 21:04:56.532074598,11.58,U-0016,Eligibility Operations,Member360,eligibility_check,Task Completed,Completed
E-000001855,C-0000223,Document Intake,2025-10-29 21:44:15.054495484,12.13,U-0069,Intake Operations,DocuScan,document_intake,Task Completed,Completed
E-000001856,C-0000223,Document Review,2025-10-29 22:57:02.847962702,50.07,U-0064,Claims Adjudication,DocuScan,document_review,Task Completed,Completed
E-000001857,C-0000223,Approval,2025-10-30 00:06:57.975623048,13.16,U-0092,Claims Adjudication,ClaimsCore,approval,Task Completed,Completed
E-000001858,C-0000223,Payment Processing,2025-10-30 04:02:34.240072111,28.71,U-0024,Payment Operations,PaymentHub,payment_processing,Task Completed,Completed
E-000001859,C-0000223,Case Closed,2025-10-30 04:54:01.461293839,4.14,U-0043,Claims Adjudication,ClaimsCore,case_closed,Case Completed,Closed
E-000001860,C-0000224,Claim Received,2025-08-04 06:21:15.486126544,4.87,U-0086,Intake Operations,ClaimsCore,claim_received,Case Created,Completed
E-000001861,C-0000224,Eligibility Check,2025-08-04 07:22:14.792473302,10.11,U-0084,Eligibility Operations,Member360,eligibility_check,Task Completed,Completed
E-000001862,C-0000224,Document Intake,2025-08-04 09:50:07.076549046,4.5,U-0085,Intake Operations,DocuScan,document_intake,Task Completed,Completed
E-000001863,C-0000224,Document Review,2025-08-04 14:29:43.026901355,28.56,U-0008,Claims Adjudication,DocuScan,document_review,Task Completed,Completed
E-000001864,C-0000224,Medical Necessity Review,2025-08-06 15:32:38.548482318,123.83,U-0076,Clinical Review,PolicyRules,medical_necessity_review,Task Completed,Completed
E-000001865,C-0000224,Nurse Review,2025-08-06 18:43:30.661026228,21.26,U-0015,Clinical Review,PolicyRules,nurse_review,Task Completed,Completed
E-000001866,C-0000224,Medical Director Review,2025-08-07 10:48:19.499057240,82.33,U-0090,Medical Directors,PolicyRules,medical_director_review,Task Completed,Completed
E-000001867,C-0000224,Approval,2025-08-07 13:11:37.325276160,12.53,U-0092,Claims Adjudication,ClaimsCore,approval,Task Completed,Completed
E-000001868,C-0000224,Payment Processing,2025-08-07 16:17:04.748140361,12.1,U-0032,Payment Operations,PaymentHub,payment_processing,Task Completed,Completed
E-000001869,C-0000224,Case Closed,2025-08-07 16:59:45.678642673,11.69,U-0083,Claims Adjudication,ClaimsCore,case_closed,Case Completed,Closed
E-000001870,C-0000225,Claim Received,2025-12-01 16:02:49.029518720,3.73,U-0069,Intake Operations,ClaimsCore,claim_received,Case Created,Completed
E-000001871,C-0000225,Eligibility Check,2025-12-01 16:58:50.497154929,13.48,U-0050,Eligibility Operations,Member360,eligibility_check,Task Completed,Completed
E-000001872,C-0000225,Document Intake,2025-12-01 17:23:03.374837018,13.94,U-0098,Intake Operations,DocuScan,document_intake,Task Completed,Completed
E-000001873,C-0000225,Document Review,2025-12-01 18:21:22.841446903,69.79,U-0073,Claims Adjudication,DocuScan,document_review,Task Completed,Completed
E-000001874,C-0000225,Provider Clarification,2025-12-02 01:11:48.871128810,37.19,U-0063,Provider Services,ProviderPortal,provider_clarification,Task Completed,Completed
E-000001875,C-0000225,Document Review,2025-12-02 02:59:52.060976701,51.23,U-0092,Claims Adjudication,DocuScan,document_review,Task Completed,Completed
E-000001876,C-0000225,Approval,2025-12-02 04:10:35.216146667,11.95,U-0064,Claims Adjudication,ClaimsCore,approval,Task Completed,Completed
E-000001877,C-0000225,Payment Processing,2025-12-02 14:12:34.495124755,12.88,U-0100,Payment Operations,PaymentHub,payment_processing,Task Completed,Completed
E-000001878,C-0000225,Case Closed,2025-12-02 14:44:55.020326924,4.97,U-0061,Claims Adjudication,ClaimsCore,case_closed,Case Completed,Closed
E-000001879,C-0000226,Claim Received,2025-12-28 21:56:55.707446442,5.03,U-0005,Intake Operations,ClaimsCore,claim_received,Case Created,Completed
E-000001880,C-0000226,Eligibility Check,2025-12-28 22:12:51.270416113,15.08,U-0026,Eligibility Operations,Member360,eligibility_check,Task Completed,Completed
E-000001881,C-0000226,Document Intake,2025-12-28 22:48:36.613506764,6.79,U-0005,Intake Operations,DocuScan,document_intake,Task Completed,Completed
E-000001882,C-0000226,Document Review,2025-12-29 01:02:14.871330736,33.0,U-0064,Claims Adjudication,DocuScan,document_review,Task Completed,Completed
E-000001883,C-0000226,Medical Necessity Review,2025-12-29 09:05:13.272794912,67.91,U-0011,Clinical Review,PolicyRules,medical_necessity_review,Task Completed,Completed
E-000001884,C-0000226,Nurse Review,2025-12-29 10:54:10.996044368,44.5,U-0093,Clinical Review,PolicyRules,nurse_review,Task Completed,Completed
E-000001885,C-0000226,Approval,2025-12-29 13:38:11.979541727,14.5,U-0053,Claims Adjudication,ClaimsCore,approval,Task Completed,Completed
E-000001886,C-0000226,Payment Processing,2025-12-29 14:37:05.654665306,12.47,U-0032,Payment Operations,PaymentHub,payment_processing,Task Completed,Completed
E-000001887,C-0000226,Case Closed,2025-12-29 15:02:44.977558491,4.39,U-0019,Claims Adjudication,ClaimsCore,case_closed,Case Completed,Closed
E-000001888,C-0000227,Claim Received,2025-07-27 02:07:58.262166194,3.93,U-0099,Intake Operations,ClaimsCore,claim_received,Case Created,Completed
E-000001889,C-0000227,Eligibility Check,2025-07-27 02:27:27.442351805,12.09,U-0050,Eligibility Operations,Member360,eligibility_check,Task Completed,Completed
E-000001890,C-0000227,Document Intake,2025-07-27 02:48:39.587710394,5.94,U-0060,Intake Operations,DocuScan,document_intake,Task Completed,Completed
E-000001891,C-0000227,Document Review,2025-07-27 04:16:31.127464795,42.53,U-0003,Claims Adjudication,DocuScan,document_review,Task Completed,Completed
E-000001892,C-0000227,Provider Clarification,2025-07-27 09:39:23.928259627,16.95,U-0013,Provider Services,ProviderPortal,provider_clarification,Task Completed,Completed
E-000001893,C-0000227,Document Review,2025-07-27 11:43:37.508784373,51.03,U-0053,Claims Adjudication,DocuScan,document_review,Task Completed,Completed
E-000001894,C-0000227,Medical Necessity Review,2025-07-28 01:16:21.461733728,98.9,U-0002,Clinical Review,PolicyRules,medical_necessity_review,Task Completed,Completed
E-000001895,C-0000227,Approval,2025-07-28 04:33:38.515562029,11.36,U-0053,Claims Adjudication,ClaimsCore,approval,Task Completed,Completed
E-000001896,C-0000227,Payment Processing,2025-07-28 07:09:13.901603977,14.36,U-0032,Payment Operations,PaymentHub,payment_processing,Task Completed,Completed
E-000001897,C-0000227,Case Closed,2025-07-28 07:46:13.756742325,2.57,U-0031,Claims Adjudication,ClaimsCore,case_closed,Case Completed,Closed
E-000001898,C-0000228,Claim Received,2025-11-27 18:03:04.693922357,3.82,U-0060,Intake Operations,ClaimsCore,claim_received,Case Created,Completed
E-000001899,C-0000228,Eligibility Check,2025-11-27 18:35:18.631376230,12.05,U-0084,Eligibility Operations,Member360,eligibility_check,Task Completed,Completed
E-000001900,C-0000228,Document Intake,2025-11-27 19:11:23.957131549,15.67,U-0069,Intake Operations,DocuScan,document_intake,Task Completed,Completed
E-000001901,C-0000228,Document Review,2025-11-28 03:55:33.195560036,66.57,U-0053,Claims Adjudication,DocuScan,document_review,Task Completed,Completed
E-000001902,C-0000228,Medical Necessity Review,2025-11-28 15:54:44.740654821,148.28,U-0041,Clinical Review,PolicyRules,medical_necessity_review,Task Completed,Completed
E-000001903,C-0000228,Nurse Review,2025-11-29 06:18:22.196674354,85.63,U-0047,Clinical Review,PolicyRules,nurse_review,Task Completed,Completed
E-000001904,C-0000228,Medical Director Review,2025-11-30 05:05:25.213903636,130.78,U-0035,Medical Directors,PolicyRules,medical_director_review,Task Completed,Completed
E-000001905,C-0000228,Approval,2025-11-30 08:25:06.013496847,14.78,U-0021,Claims Adjudication,ClaimsCore,approval,Task Completed,Completed
E-000001906,C-0000228,Payment Processing,2025-11-30 17:03:45.400677898,13.37,U-0012,Payment Operations,PaymentHub,payment_processing,Task Completed,Completed
E-000001907,C-0000228,Case Closed,2025-11-30 18:10:24.058888919,7.75,U-0056,Claims Adjudication,ClaimsCore,case_closed,Case Completed,Closed
E-000001908,C-0000229,Claim Received,2025-11-27 11:52:49.903367744,1.74,U-0060,Intake Operations,ClaimsCore,claim_received,Case Created,Completed
E-000001909,C-0000229,Eligibility Check,2025-11-27 12:00:21.717036081,9.0,U-0071,Eligibility Operations,Member360,eligibility_check,Task Completed,Completed
E-000001910,C-0000229,Document Intake,2025-11-27 12:24:43.554937034,18.85,U-0060,Intake Operations,DocuScan,document_intake,Task Completed,Completed
E-000001911,C-0000229,Document Review,2025-11-28 00:46:24.868444682,38.84,U-0064,Claims Adjudication,DocuScan,document_review,Task Completed,Completed
E-000001912,C-0000229,Approval,2025-11-28 01:55:17.566630320,12.13,U-0025,Claims Adjudication,ClaimsCore,approval,Task Completed,Completed
E-000001913,C-0000229,Payment Processing,2025-11-28 06:04:44.578516292,12.98,U-0024,Payment Operations,PaymentHub,payment_processing,Task Completed,Completed
E-000001914,C-0000229,Case Closed,2025-11-28 07:01:18.599062871,7.22,U-0061,Claims Adjudication,ClaimsCore,case_closed,Case Completed,Closed
E-000001915,C-0000230,Claim Received,2025-11-13 17:11:40.140034180,3.98,U-0086,Intake Operations,ClaimsCore,claim_received,Case Created,Completed
E-000001916,C-0000230,Eligibility Check,2025-11-13 17:23:30.091399179,7.52,U-0050,Eligibility Operations,Member360,eligibility_check,Task Completed,Completed
E-000001917,C-0000230,Document Intake,2025-11-13 18:36:18.480905301,7.06,U-0085,Intake Operations,DocuScan,document_intake,Task Completed,Completed
E-000001918,C-0000230,Document Review,2025-11-13 22:37:32.980372513,92.49,U-0043,Claims Adjudication,DocuScan,document_review,Task Completed,Completed
E-000001919,C-0000230,Approval,2025-11-14 01:41:50.788842353,12.7,U-0056,Claims Adjudication,ClaimsCore,approval,Task Completed,Completed
E-000001920,C-0000230,Payment Processing,2025-11-14 06:15:42.452996148,19.39,U-0006,Payment Operations,PaymentHub,payment_processing,Task Completed,Completed
E-000001921,C-0000230,Case Closed,2025-11-14 07:25:00.208083774,4.89,U-0025,Claims Adjudication,ClaimsCore,case_closed,Case Completed,Closed
E-000001922,C-0000231,Claim Received,2025-09-06 20:58:06.332852831,5.0,U-0085,Intake Operations,ClaimsCore,claim_received,Case Created,Completed
E-000001923,C-0000231,Eligibility Check,2025-09-06 22:51:13.131044120,5.9,U-0036,Eligibility Operations,Member360,eligibility_check,Task Completed,Completed
E-000001924,C-0000231,Document Intake,2025-09-06 23:37:24.306617153,3.83,U-0099,Intake Operations,DocuScan,document_intake,Task Completed,Completed
E-000001925,C-0000231,Document Review,2025-09-07 02:40:25.241056755,42.47,U-0021,Claims Adjudication,DocuScan,document_review,Task Completed,Completed
E-000001926,C-0000231,Provider Clarification,2025-09-07 11:02:26.166619488,42.24,U-0017,Provider Services,ProviderPortal,provider_clarification,Task Completed,Completed
E-000001927,C-0000231,Document Review,2025-09-07 12:17:09.945403369,30.28,U-0081,Claims Adjudication,DocuScan,document_review,Task Completed,Completed
E-000001928,C-0000231,Medical Necessity Review,2025-09-07 13:47:50.097526253,48.7,U-0077,Clinical Review,PolicyRules,medical_necessity_review,Task Completed,Completed
E-000001929,C-0000231,Nurse Review,2025-09-07 16:49:13.019318334,54.76,U-0072,Clinical Review,PolicyRules,nurse_review,Task Completed,Completed
E-000001930,C-0000231,Medical Necessity Review,2025-09-07 21:45:57.509904541,78.79,U-0048,Clinical Review,PolicyRules,medical_necessity_review,Task Completed,Completed
E-000001931,C-0000231,Approval,2025-09-07 23:28:45.379937520,7.26,U-0061,Claims Adjudication,ClaimsCore,approval,Task Completed,Completed
E-000001932,C-0000231,Payment Processing,2025-09-08 08:13:33.405371719,15.34,U-0024,Payment Operations,PaymentHub,payment_processing,Task Completed,Completed
E-000001933,C-0000231,Case Closed,2025-09-08 08:36:15.576005319,4.98,U-0083,Claims Adjudication,ClaimsCore,case_closed,Case Completed,Closed
E-000001934,C-0000232,Claim Received,2025-09-24 18:50:58.250363320,2.24,U-0069,Intake Operations,ClaimsCore,claim_received,Case Created,Completed
E-000001935,C-0000232,Eligibility Check,2025-09-24 19:39:27.000793963,9.2,U-0084,Eligibility Operations,Member360,eligibility_check,Task Completed,Completed
E-000001936,C-0000232,Document Intake,2025-09-24 20:16:32.034798879,6.77,U-0098,Intake Operations,DocuScan,document_intake,Task Completed,Completed
E-000001937,C-0000232,Document Review,2025-09-24 20:49:44.628921219,59.14,U-0031,Claims Adjudication,DocuScan,document_review,Task Completed,Completed
E-000001938,C-0000232,Provider Clarification,2025-09-25 16:43:06.055457638,29.48,U-0013,Provider Services,ProviderPortal,provider_clarification,Task Completed,Completed
E-000001939,C-0000232,Document Review,2025-09-25 19:35:02.883303643,46.36,U-0053,Claims Adjudication,DocuScan,document_review,Task Completed,Completed
E-000001940,C-0000232,Denial,2025-09-25 21:40:23.310440136,19.85,U-0021,Claims Adjudication,ClaimsCore,denial,Task Completed,Completed
E-000001941,C-0000232,Case Closed,2025-09-25 22:08:56.396919373,5.35,U-0007,Claims Adjudication,ClaimsCore,case_closed,Case Completed,Closed
E-000001942,C-0000233,Claim Received,2025-12-01 13:50:46.009237411,3.47,U-0098,Intake Operations,ClaimsCore,claim_received,Case Created,Completed
E-000001943,C-0000233,Eligibility Check,2025-12-01 15:20:39.190785695,7.99,U-0059,Eligibility Operations,Member360,eligibility_check,Task Completed,Completed
E-000001944,C-0000233,Document Intake,2025-12-01 16:25:55.502304179,7.16,U-0005,Intake Operations,DocuScan,document_intake,Task Completed,Completed
E-000001945,C-0000233,Document Review,2025-12-01 17:45:12.304518788,38.68,U-0055,Claims Adjudication,DocuScan,document_review,Task Completed,Completed
E-000001946,C-0000233,Approval,2025-12-01 19:27:57.243857152,11.16,U-0043,Claims Adjudication,ClaimsCore,approval,Task Completed,Completed
E-000001947,C-0000233,Payment Processing,2025-12-01 20:02:20.155450189,11.94,U-0006,Payment Operations,PaymentHub,payment_processing,Task Completed,Completed
E-000001948,C-0000233,Case Closed,2025-12-01 21:10:06.383865681,6.94,U-0031,Claims Adjudication,ClaimsCore,case_closed,Case Completed,Closed
E-000001949,C-0000234,Claim Received,2025-07-28 23:28:44.930866875,2.85,U-0086,Intake Operations,ClaimsCore,claim_received,Case Created,Completed
E-000001950,C-0000234,Eligibility Check,2025-07-29 00:17:09.347814620,11.09,U-0051,Eligibility Operations,Member360,eligibility_check,Task Completed,Completed
E-000001951,C-0000234,Document Intake,2025-07-29 01:49:28.701836091,8.63,U-0069,Intake Operations,DocuScan,document_intake,Task Completed,Completed
E-000001952,C-0000234,Document Review,2025-07-29 03:49:01.916110259,48.29,U-0043,Claims Adjudication,DocuScan,document_review,Task Completed,Completed
E-000001953,C-0000234,Provider Clarification,2025-07-31 08:55:25.257401928,31.88,U-0065,Provider Services,ProviderPortal,provider_clarification,Task Completed,Completed
E-000001954,C-0000234,Document Review,2025-07-31 11:00:10.756271376,62.87,U-0042,Claims Adjudication,DocuScan,document_review,Task Completed,Completed
E-000001955,C-0000234,Approval,2025-07-31 12:39:55.633596182,9.38,U-0021,Claims Adjudication,ClaimsCore,approval,Task Completed,Completed
E-000001956,C-0000234,Payment Processing,2025-07-31 14:37:14.456602216,28.46,U-0006,Payment Operations,PaymentHub,payment_processing,Task Completed,Completed
E-000001957,C-0000234,Case Closed,2025-07-31 15:10:16.731658290,6.67,U-0014,Claims Adjudication,ClaimsCore,case_closed,Case Completed,Closed
E-000001958,C-0000235,Claim Received,2025-11-29 15:51:31.857158937,2.94,U-0085,Intake Operations,ClaimsCore,claim_received,Case Created,Completed
E-000001959,C-0000235,Eligibility Check,2025-11-29 16:16:27.887663070,9.36,U-0036,Eligibility Operations,Member360,eligibility_check,Task Completed,Completed
E-000001960,C-0000235,Document Intake,2025-11-29 17:44:22.383670874,12.39,U-0098,Intake Operations,DocuScan,document_intake,Task Completed,Completed
E-000001961,C-0000235,Document Review,2025-11-29 21:06:11.617867433,38.59,U-0061,Claims Adjudication,DocuScan,document_review,Task Completed,Completed
E-000001962,C-0000235,Approval,2025-11-30 02:41:23.194861642,8.67,U-0001,Claims Adjudication,ClaimsCore,approval,Task Completed,Completed
E-000001963,C-0000235,Payment Processing,2025-11-30 03:59:47.944075270,9.88,U-0024,Payment Operations,PaymentHub,payment_processing,Task Completed,Completed
E-000001964,C-0000235,Case Closed,2025-11-30 04:23:23.165590842,3.6,U-0001,Claims Adjudication,ClaimsCore,case_closed,Case Completed,Closed
E-000001965,C-0000236,Claim Received,2025-12-16 11:36:23.045069241,3.99,U-0005,Intake Operations,ClaimsCore,claim_received,Case Created,Completed
E-000001966,C-0000236,Eligibility Check,2025-12-16 11:46:20.257598937,6.53,U-0091,Eligibility Operations,Member360,eligibility_check,Task Completed,Completed
E-000001967,C-0000236,Document Intake,2025-12-16 12:09:52.483918028,9.07,U-0099,Intake Operations,DocuScan,document_intake,Task Completed,Completed
E-000001968,C-0000236,Document Review,2025-12-16 13:41:46.483833005,31.92,U-0004,Claims Adjudication,DocuScan,document_review,Task Completed,Completed
E-000001969,C-0000236,Approval,2025-12-16 16:53:11.735652041,29.82,U-0042,Claims Adjudication,ClaimsCore,approval,Task Completed,Completed
E-000001970,C-0000236,Payment Processing,2025-12-16 19:54:04.460122661,19.82,U-0012,Payment Operations,PaymentHub,payment_processing,Task Completed,Completed
E-000001971,C-0000236,Case Closed,2025-12-16 20:36:25.867856701,9.66,U-0001,Claims Adjudication,ClaimsCore,case_closed,Case Completed,Closed
E-000001972,C-0000237,Claim Received,2025-11-02 18:46:52.178802679,4.72,U-0098,Intake Operations,ClaimsCore,claim_received,Case Created,Completed
E-000001973,C-0000237,Eligibility Check,2025-11-02 19:05:53.255111626,7.81,U-0039,Eligibility Operations,Member360,eligibility_check,Task Completed,Completed
E-000001974,C-0000237,Document Intake,2025-11-02 19:38:47.807500642,7.14,U-0052,Intake Operations,DocuScan,document_intake,Task Completed,Completed
E-000001975,C-0000237,Document Review,2025-11-02 21:34:58.330043295,45.89,U-0007,Claims Adjudication,DocuScan,document_review,Task Completed,Completed
E-000001976,C-0000237,Medical Necessity Review,2025-11-03 00:35:31.393417230,54.91,U-0010,Clinical Review,PolicyRules,medical_necessity_review,Task Completed,Completed
E-000001977,C-0000237,Nurse Review,2025-11-03 05:57:13.597443253,73.45,U-0093,Clinical Review,PolicyRules,nurse_review,Task Completed,Completed
E-000001978,C-0000237,Medical Director Review,2025-11-03 09:15:31.346176901,148.84,U-0027,Medical Directors,PolicyRules,medical_director_review,Task Completed,Completed
E-000001979,C-0000237,Denial,2025-11-03 14:40:11.892888344,37.83,U-0001,Claims Adjudication,ClaimsCore,denial,Task Completed,Completed
E-000001980,C-0000237,Case Closed,2025-11-03 15:24:44.077999957,2.41,U-0003,Claims Adjudication,ClaimsCore,case_closed,Case Completed,Closed
E-000001981,C-0000238,Claim Received,2025-09-01 11:23:30.155467123,4.14,U-0099,Intake Operations,ClaimsCore,claim_received,Case Created,Completed
E-000001982,C-0000238,Eligibility Check,2025-09-01 11:45:27.425100009,9.02,U-0036,Eligibility Operations,Member360,eligibility_check,Task Completed,Completed
E-000001983,C-0000238,Document Intake,2025-09-01 12:45:00.943841307,8.6,U-0085,Intake Operations,DocuScan,document_intake,Task Completed,Completed
E-000001984,C-0000238,Document Review,2025-09-01 15:42:27.829401946,35.1,U-0021,Claims Adjudication,DocuScan,document_review,Task Completed,Completed
E-000001985,C-0000238,Approval,2025-09-01 18:57:47.039806902,12.38,U-0055,Claims Adjudication,ClaimsCore,approval,Task Completed,Completed
E-000001986,C-0000238,Payment Processing,2025-09-02 00:22:26.082805160,12.68,U-0032,Payment Operations,PaymentHub,payment_processing,Task Completed,Completed
E-000001987,C-0000238,Case Closed,2025-09-02 00:42:28.809531293,2.89,U-0001,Claims Adjudication,ClaimsCore,case_closed,Case Completed,Closed
E-000001988,C-0000239,Claim Received,2025-10-11 07:48:58.954162324,4.29,U-0099,Intake Operations,ClaimsCore,claim_received,Case Created,Completed
E-000001989,C-0000239,Eligibility Check,2025-10-11 08:08:13.339363101,7.93,U-0029,Eligibility Operations,Member360,eligibility_check,Task Completed,Completed
E-000001990,C-0000239,Document Intake,2025-10-11 08:23:11.867523998,12.23,U-0060,Intake Operations,DocuScan,document_intake,Task Completed,Completed
E-000001991,C-0000239,Document Review,2025-10-11 16:45:33.238011604,54.85,U-0049,Claims Adjudication,DocuScan,document_review,Task Completed,Completed
E-000001992,C-0000239,Approval,2025-10-11 18:31:46.147881513,11.33,U-0042,Claims Adjudication,ClaimsCore,approval,Task Completed,Completed
E-000001993,C-0000239,Payment Processing,2025-10-11 21:34:26.071552783,14.56,U-0012,Payment Operations,PaymentHub,payment_processing,Task Completed,Completed
E-000001994,C-0000239,Case Closed,2025-10-11 22:04:50.247476212,5.45,U-0053,Claims Adjudication,ClaimsCore,case_closed,Case Completed,Closed
E-000001995,C-0000240,Claim Received,2025-07-10 04:04:19.730654159,5.23,U-0028,Intake Operations,ClaimsCore,claim_received,Case Created,Completed
E-000001996,C-0000240,Eligibility Check,2025-07-10 04:47:47.761740034,8.41,U-0036,Eligibility Operations,Member360,eligibility_check,Task Completed,Completed
E-000001997,C-0000240,Document Intake,2025-07-10 05:20:18.873444150,14.87,U-0005,Intake Operations,DocuScan,document_intake,Task Completed,Completed
E-000001998,C-0000240,Document Review,2025-07-10 06:32:45.385766325,29.37,U-0019,Claims Adjudication,DocuScan,document_review,Task Completed,Completed
E-000001999,C-0000240,Provider Clarification,2025-07-10 15:37:22.566521456,44.55,U-0013,Provider Services,ProviderPortal,provider_clarification,Task Completed,Completed
E-000002000,C-0000240,Document Review,2025-07-10 19:15:47.322257095,42.7,U-0031,Claims Adjudication,DocuScan,document_review,Task Completed,Completed
E-000002001,C-0000240,Approval,2025-07-10 21:20:46.091733436,10.34,U-0092,Claims Adjudication,ClaimsCore,approval,Task Completed,Completed
E-000002002,C-0000240,Payment Processing,2025-07-11 00:28:12.156420341,13.16,U-0100,Payment Operations,PaymentHub,payment_processing,Task Completed,Completed
E-000002003,C-0000240,Case Closed,2025-07-11 00:43:28.772240331,4.35,U-0083,Claims Adjudication,ClaimsCore,case_closed,Case Completed,Closed
E-000002004,C-0000241,Claim Received,2025-12-18 12:36:16.554364895,4.86,U-0005,Intake Operations,ClaimsCore,claim_received,Case Created,Completed
E-000002005,C-0000241,Eligibility Check,2025-12-18 12:47:53.309629024,9.45,U-0084,Eligibility Operations,Member360,eligibility_check,Task Completed,Completed
E-000002006,C-0000241,Document Intake,2025-12-18 15:13:05.482744767,11.14,U-0086,Intake Operations,DocuScan,document_intake,Task Completed,Completed
E-000002007,C-0000241,Document Review,2025-12-18 20:01:46.993829569,55.28,U-0019,Claims Adjudication,DocuScan,document_review,Task Completed,Completed
E-000002008,C-0000241,Approval,2025-12-18 21:45:21.982435175,15.2,U-0040,Claims Adjudication,ClaimsCore,approval,Task Completed,Completed
E-000002009,C-0000241,Payment Processing,2025-12-19 02:04:00.112855428,18.38,U-0023,Payment Operations,PaymentHub,payment_processing,Task Completed,Completed
E-000002010,C-0000241,Case Closed,2025-12-19 02:45:27.455619857,1.85,U-0046,Claims Adjudication,ClaimsCore,case_closed,Case Completed,Closed
E-000002011,C-0000242,Claim Received,2025-09-01 15:51:57.378788504,2.73,U-0069,Intake Operations,ClaimsCore,claim_received,Case Created,Completed
E-000002012,C-0000242,Eligibility Check,2025-09-01 16:16:55.034307910,12.32,U-0036,Eligibility Operations,Member360,eligibility_check,Task Completed,Completed
E-000002013,C-0000242,Document Intake,2025-09-01 16:52:24.476440882,6.69,U-0018,Intake Operations,DocuScan,document_intake,Task Completed,Completed
E-000002014,C-0000242,Document Review,2025-09-01 18:02:04.594508338,58.76,U-0008,Claims Adjudication,DocuScan,document_review,Task Completed,Completed
E-000002015,C-0000242,Approval,2025-09-01 20:41:29.079886817,8.02,U-0078,Claims Adjudication,ClaimsCore,approval,Task Completed,Completed
E-000002016,C-0000242,Payment Processing,2025-09-02 03:12:56.974480042,28.42,U-0024,Payment Operations,PaymentHub,payment_processing,Task Completed,Completed
E-000002017,C-0000242,Case Closed,2025-09-02 03:52:19.595691758,2.14,U-0080,Claims Adjudication,ClaimsCore,case_closed,Case Completed,Closed
E-000002018,C-0000243,Claim Received,2025-07-11 10:54:02.974163065,2.74,U-0018,Intake Operations,ClaimsCore,claim_received,Case Created,Completed
E-000002019,C-0000243,Eligibility Check,2025-07-11 11:01:17.272364059,6.56,U-0029,Eligibility Operations,Member360,eligibility_check,Task Completed,Completed
E-000002020,C-0000243,Document Intake,2025-07-11 13:15:50.542134814,24.91,U-0099,Intake Operations,DocuScan,document_intake,Task Completed,Completed
E-000002021,C-0000243,Document Review,2025-07-11 14:43:58.110768188,57.59,U-0073,Claims Adjudication,DocuScan,document_review,Task Completed,Completed
E-000002022,C-0000243,Medical Necessity Review,2025-07-12 00:19:56.191655753,74.02,U-0097,Clinical Review,PolicyRules,medical_necessity_review,Task Completed,Completed
E-000002023,C-0000243,Nurse Review,2025-07-12 02:40:37.341218600,41.79,U-0041,Clinical Review,PolicyRules,nurse_review,Task Completed,Completed
E-000002024,C-0000243,Medical Director Review,2025-07-12 20:37:43.589238696,48.58,U-0062,Medical Directors,PolicyRules,medical_director_review,Task Completed,Completed
E-000002025,C-0000243,Approval,2025-07-12 23:49:53.025972068,20.09,U-0049,Claims Adjudication,ClaimsCore,approval,Task Completed,Completed
E-000002026,C-0000243,Payment Processing,2025-07-13 06:57:24.332340491,12.28,U-0012,Payment Operations,PaymentHub,payment_processing,Task Completed,Completed
E-000002027,C-0000243,Case Closed,2025-07-13 08:21:11.567703114,5.08,U-0073,Claims Adjudication,ClaimsCore,case_closed,Case Completed,Closed
E-000002028,C-0000244,Claim Received,2025-10-29 08:01:38.330018419,2.82,U-0086,Intake Operations,ClaimsCore,claim_received,Case Created,Completed
E-000002029,C-0000244,Eligibility Check,2025-10-29 08:10:15.952443967,13.88,U-0026,Eligibility Operations,Member360,eligibility_check,Task Completed,Completed
E-000002030,C-0000244,Document Intake,2025-10-29 08:28:52.702812221,11.39,U-0005,Intake Operations,DocuScan,document_intake,Task Completed,Completed
E-000002031,C-0000244,Document Review,2025-10-29 11:44:43.153969720,52.02,U-0031,Claims Adjudication,DocuScan,document_review,Task Completed,Completed
E-000002032,C-0000244,Approval,2025-10-29 14:27:36.034587199,6.21,U-0078,Claims Adjudication,ClaimsCore,approval,Task Completed,Pending
E-000002033,C-0000245,Claim Received,2025-10-22 22:57:00.165084912,3.8,U-0075,Intake Operations,ClaimsCore,claim_received,Case Created,Completed
E-000002034,C-0000245,Eligibility Check,2025-10-23 01:03:48.822597076,5.72,U-0009,Eligibility Operations,Member360,eligibility_check,Task Completed,Completed
E-000002035,C-0000245,Document Intake,2025-10-23 02:27:24.445491720,6.86,U-0098,Intake Operations,DocuScan,document_intake,Task Completed,Completed
E-000002036,C-0000245,Document Review,2025-10-23 06:21:41.645974614,27.67,U-0092,Claims Adjudication,DocuScan,document_review,Task Completed,Completed
E-000002037,C-0000245,Approval,2025-10-23 07:00:17.371631188,19.05,U-0073,Claims Adjudication,ClaimsCore,approval,Task Completed,Completed
E-000002038,C-0000245,Payment Processing,2025-10-23 10:14:23.786185197,18.19,U-0006,Payment Operations,PaymentHub,payment_processing,Task Completed,Completed
E-000002039,C-0000245,Case Closed,2025-10-23 10:59:23.380485653,6.84,U-0054,Claims Adjudication,ClaimsCore,case_closed,Case Completed,Closed
E-000002040,C-0000246,Claim Received,2025-07-10 21:42:52.551179383,3.42,U-0052,Intake Operations,ClaimsCore,claim_received,Case Created,Completed
E-000002041,C-0000246,Eligibility Check,2025-07-10 22:06:48.085701984,6.34,U-0037,Eligibility Operations,Member360,eligibility_check,Task Completed,Completed
E-000002042,C-0000246,Document Intake,2025-07-10 23:57:19.056714781,4.05,U-0069,Intake Operations,DocuScan,document_intake,Task Completed,Completed
E-000002043,C-0000246,Document Review,2025-07-11 05:46:52.233910701,36.48,U-0031,Claims Adjudication,DocuScan,document_review,Task Completed,Completed
E-000002044,C-0000246,Approval,2025-07-11 08:30:40.527034212,8.74,U-0040,Claims Adjudication,ClaimsCore,approval,Task Completed,Completed
E-000002045,C-0000246,Payment Processing,2025-07-11 12:37:48.546166130,7.66,U-0006,Payment Operations,PaymentHub,payment_processing,Task Completed,Completed
E-000002046,C-0000246,Case Closed,2025-07-11 13:54:53.823461175,4.06,U-0008,Claims Adjudication,ClaimsCore,case_closed,Case Completed,Closed
E-000002047,C-0000247,Claim Received,2025-11-15 09:42:47.885127879,1.87,U-0099,Intake Operations,ClaimsCore,claim_received,Case Created,Completed
E-000002048,C-0000247,Eligibility Check,2025-11-15 10:00:23.444477554,12.56,U-0051,Eligibility Operations,Member360,eligibility_check,Task Completed,Completed
E-000002049,C-0000247,Document Intake,2025-11-15 10:19:45.181977308,8.25,U-0075,Intake Operations,DocuScan,document_intake,Task Completed,Pending
E-000002050,C-0000248,Claim Received,2025-10-25 15:06:21.846418733,4.01,U-0018,Intake Operations,ClaimsCore,claim_received,Case Created,Completed
E-000002051,C-0000248,Eligibility Check,2025-10-25 15:36:13.652646176,5.29,U-0036,Eligibility Operations,Member360,eligibility_check,Task Completed,Completed
E-000002052,C-0000248,Document Intake,2025-10-25 16:46:40.537054287,9.79,U-0075,Intake Operations,DocuScan,document_intake,Task Completed,Completed
E-000002053,C-0000248,Document Review,2025-10-25 19:16:01.117823050,29.05,U-0001,Claims Adjudication,DocuScan,document_review,Task Completed,Completed
E-000002054,C-0000248,Approval,2025-10-25 21:00:51.408528683,9.81,U-0064,Claims Adjudication,ClaimsCore,approval,Task Completed,Completed
E-000002055,C-0000248,Payment Processing,2025-10-26 00:42:09.621522457,9.21,U-0032,Payment Operations,PaymentHub,payment_processing,Task Completed,Completed
E-000002056,C-0000248,Case Closed,2025-10-26 01:04:24.513072863,4.49,U-0055,Claims Adjudication,ClaimsCore,case_closed,Case Completed,Closed
E-000002057,C-0000249,Claim Received,2025-11-23 05:40:04.190167307,4.55,U-0028,Intake Operations,ClaimsCore,claim_received,Case Created,Completed
E-000002058,C-0000249,Eligibility Check,2025-11-23 06:03:40.320672044,5.24,U-0009,Eligibility Operations,Member360,eligibility_check,Task Completed,Completed
E-000002059,C-0000249,Document Intake,2025-11-23 06:27:40.629496147,13.65,U-0085,Intake Operations,DocuScan,document_intake,Task Completed,Completed
E-000002060,C-0000249,Document Review,2025-11-23 09:06:10.147801187,43.4,U-0046,Claims Adjudication,DocuScan,document_review,Task Completed,Completed
E-000002061,C-0000249,Provider Clarification,2025-11-23 17:31:34.002436983,44.4,U-0079,Provider Services,ProviderPortal,provider_clarification,Task Completed,Completed
E-000002062,C-0000249,Document Review,2025-11-23 20:52:52.373856000,23.3,U-0014,Claims Adjudication,DocuScan,document_review,Task Completed,Completed
E-000002063,C-0000249,Provider Clarification,2025-11-23 21:50:57.169928461,37.96,U-0017,Provider Services,ProviderPortal,provider_clarification,Task Completed,Completed
E-000002064,C-0000249,Document Review,2025-11-24 01:27:33.629114147,53.11,U-0040,Claims Adjudication,DocuScan,document_review,Task Completed,Completed
E-000002065,C-0000249,Provider Clarification,2025-11-24 09:34:13.764575739,58.23,U-0020,Provider Services,ProviderPortal,provider_clarification,Task Completed,Completed
E-000002066,C-0000249,Document Review,2025-11-24 12:44:50.941305404,32.38,U-0073,Claims Adjudication,DocuScan,document_review,Task Completed,Completed
E-000002067,C-0000249,Provider Clarification,2025-11-24 13:58:05.310111697,49.05,U-0058,Provider Services,ProviderPortal,provider_clarification,Task Completed,Completed
E-000002068,C-0000249,Document Review,2025-11-24 15:34:06.516881942,19.93,U-0043,Claims Adjudication,DocuScan,document_review,Task Completed,Completed
E-000002069,C-0000249,Approval,2025-11-24 16:15:10.102530902,14.78,U-0080,Claims Adjudication,ClaimsCore,approval,Task Completed,Completed
E-000002070,C-0000249,Payment Processing,2025-11-24 16:53:12.645758691,18.39,U-0006,Payment Operations,PaymentHub,payment_processing,Task Completed,Completed
E-000002071,C-0000249,Case Closed,2025-11-24 17:16:18.914816369,3.49,U-0004,Claims Adjudication,ClaimsCore,case_closed,Case Completed,Closed
E-000002072,C-0000250,Claim Received,2025-11-29 09:39:50.921033559,6.58,U-0052,Intake Operations,ClaimsCore,claim_received,Case Created,Completed
E-000002073,C-0000250,Eligibility Check,2025-11-29 10:18:33.209030128,15.17,U-0051,Eligibility Operations,Member360,eligibility_check,Task Completed,Completed
E-000002074,C-0000250,Document Intake,2025-11-29 10:42:55.675752468,23.7,U-0060,Intake Operations,DocuScan,document_intake,Task Completed,Completed
E-000002075,C-0000250,Document Review,2025-11-29 13:58:15.817489071,27.33,U-0078,Claims Adjudication,DocuScan,document_review,Task Completed,Completed
E-000002076,C-0000250,Medical Necessity Review,2025-11-29 23:38:16.057459192,60.51,U-0047,Clinical Review,PolicyRules,medical_necessity_review,Task Completed,Completed
E-000002077,C-0000250,Nurse Review,2025-11-30 01:38:07.597375792,38.41,U-0047,Clinical Review,PolicyRules,nurse_review,Task Completed,Completed
E-000002078,C-0000250,Medical Director Review,2025-12-02 16:13:02.081577987,108.08,U-0027,Medical Directors,PolicyRules,medical_director_review,Task Completed,Completed
E-000002079,C-0000250,Approval,2025-12-02 19:53:22.874209648,9.46,U-0031,Claims Adjudication,ClaimsCore,approval,Task Completed,Completed
E-000002080,C-0000250,Payment Processing,2025-12-02 23:00:33.712418982,20.49,U-0023,Payment Operations,PaymentHub,payment_processing,Task Completed,Completed
E-000002081,C-0000250,Case Closed,2025-12-02 23:35:33.631429853,5.46,U-0040,Claims Adjudication,ClaimsCore,case_closed,Case Completed,Closed
